instant,messageId,eventType,sourceNodeId,destinationNodeId
0.0,0,GENERATE,0,1
0.0,1,GENERATE,0,2
0.0,2,GENERATE,0,3
0.0,3,GENERATE,0,4
0.0,4,GENERATE,0,5
0.0,5,GENERATE,0,6
0.0,6,GENERATE,0,7
0.0,7,GENERATE,0,8
0.0,8,GENERATE,0,9
0.0,9,GENERATE,0,10
0.0,10,GENERATE,0,11
0.0,11,GENERATE,0,12
0.0,12,GENERATE,0,13
0.0,13,GENERATE,0,14
0.0,14,GENERATE,0,15
0.0,15,GENERATE,0,16
0.0,16,GENERATE,0,17
0.0,17,GENERATE,0,18
0.0,18,GENERATE,0,19
0.0,19,GENERATE,0,20
0.0,20,GENERATE,0,21
0.0,21,GENERATE,0,22
0.0,22,GENERATE,0,23
0.0,23,GENERATE,0,24
0.0,24,GENERATE,0,25
0.0,25,GENERATE,0,26
0.0,26,GENERATE,0,27
0.0,27,GENERATE,0,28
0.0,28,GENERATE,0,29
0.0,29,GENERATE,0,30
0.0,30,GENERATE,0,31
0.0,31,GENERATE,0,32
0.0,32,GENERATE,0,33
0.0,33,GENERATE,0,34
0.0,34,GENERATE,0,35
0.0,35,GENERATE,0,36
0.0,36,GENERATE,0,37
0.0,37,GENERATE,0,38
0.0,38,GENERATE,0,39
0.0,39,GENERATE,0,40
0.0,40,GENERATE,0,41
0.0,41,GENERATE,0,42
0.0,42,GENERATE,0,43
0.0,43,GENERATE,0,44
0.0,44,GENERATE,0,45
0.0,45,GENERATE,0,46
0.0,46,GENERATE,0,47
0.0,47,GENERATE,0,48
0.0,48,GENERATE,0,49
0.0,49,GENERATE,1,0
0.0,50,GENERATE,1,2
0.0,51,GENERATE,1,3
0.0,52,GENERATE,1,4
0.0,53,GENERATE,1,5
0.0,54,GENERATE,1,6
0.0,55,GENERATE,1,7
0.0,56,GENERATE,1,8
0.0,57,GENERATE,1,9
0.0,58,GENERATE,1,10
0.0,59,GENERATE,1,11
0.0,60,GENERATE,1,12
0.0,61,GENERATE,1,13
0.0,62,GENERATE,1,14
0.0,63,GENERATE,1,15
0.0,64,GENERATE,1,16
0.0,65,GENERATE,1,17
0.0,66,GENERATE,1,18
0.0,67,GENERATE,1,19
0.0,68,GENERATE,1,20
0.0,69,GENERATE,1,21
0.0,70,GENERATE,1,22
0.0,71,GENERATE,1,23
0.0,72,GENERATE,1,24
0.0,73,GENERATE,1,25
0.0,74,GENERATE,1,26
0.0,75,GENERATE,1,27
0.0,76,GENERATE,1,28
0.0,77,GENERATE,1,29
0.0,78,GENERATE,1,30
0.0,79,GENERATE,1,31
0.0,80,GENERATE,1,32
0.0,81,GENERATE,1,33
0.0,82,GENERATE,1,34
0.0,83,GENERATE,1,35
0.0,84,GENERATE,1,36
0.0,85,GENERATE,1,37
0.0,86,GENERATE,1,38
0.0,87,GENERATE,1,39
0.0,88,GENERATE,1,40
0.0,89,GENERATE,1,41
0.0,90,GENERATE,1,42
0.0,91,GENERATE,1,43
0.0,92,GENERATE,1,44
0.0,93,GENERATE,1,45
0.0,94,GENERATE,1,46
0.0,95,GENERATE,1,47
0.0,96,GENERATE,1,48
0.0,97,GENERATE,1,49
0.0,98,GENERATE,2,0
0.0,99,GENERATE,2,1
0.0,100,GENERATE,2,3
0.0,101,GENERATE,2,4
0.0,102,GENERATE,2,5
0.0,103,GENERATE,2,6
0.0,104,GENERATE,2,7
0.0,105,GENERATE,2,8
0.0,106,GENERATE,2,9
0.0,107,GENERATE,2,10
0.0,108,GENERATE,2,11
0.0,109,GENERATE,2,12
0.0,110,GENERATE,2,13
0.0,111,GENERATE,2,14
0.0,112,GENERATE,2,15
0.0,113,GENERATE,2,16
0.0,114,GENERATE,2,17
0.0,115,GENERATE,2,18
0.0,116,GENERATE,2,19
0.0,117,GENERATE,2,20
0.0,118,GENERATE,2,21
0.0,119,GENERATE,2,22
0.0,120,GENERATE,2,23
0.0,121,GENERATE,2,24
0.0,122,GENERATE,2,25
0.0,123,GENERATE,2,26
0.0,124,GENERATE,2,27
0.0,125,GENERATE,2,28
0.0,126,GENERATE,2,29
0.0,127,GENERATE,2,30
0.0,128,GENERATE,2,31
0.0,129,GENERATE,2,32
0.0,130,GENERATE,2,33
0.0,131,GENERATE,2,34
0.0,132,GENERATE,2,35
0.0,133,GENERATE,2,36
0.0,134,GENERATE,2,37
0.0,135,GENERATE,2,38
0.0,136,GENERATE,2,39
0.0,137,GENERATE,2,40
0.0,138,GENERATE,2,41
0.0,139,GENERATE,2,42
0.0,140,GENERATE,2,43
0.0,141,GENERATE,2,44
0.0,142,GENERATE,2,45
0.0,143,GENERATE,2,46
0.0,144,GENERATE,2,47
0.0,145,GENERATE,2,48
0.0,146,GENERATE,2,49
0.0,147,GENERATE,3,0
0.0,148,GENERATE,3,1
0.0,149,GENERATE,3,2
0.0,150,GENERATE,3,4
0.0,151,GENERATE,3,5
0.0,152,GENERATE,3,6
0.0,153,GENERATE,3,7
0.0,154,GENERATE,3,8
0.0,155,GENERATE,3,9
0.0,156,GENERATE,3,10
0.0,157,GENERATE,3,11
0.0,158,GENERATE,3,12
0.0,159,GENERATE,3,13
0.0,160,GENERATE,3,14
0.0,161,GENERATE,3,15
0.0,162,GENERATE,3,16
0.0,163,GENERATE,3,17
0.0,164,GENERATE,3,18
0.0,165,GENERATE,3,19
0.0,166,GENERATE,3,20
0.0,167,GENERATE,3,21
0.0,168,GENERATE,3,22
0.0,169,GENERATE,3,23
0.0,170,GENERATE,3,24
0.0,171,GENERATE,3,25
0.0,172,GENERATE,3,26
0.0,173,GENERATE,3,27
0.0,174,GENERATE,3,28
0.0,175,GENERATE,3,29
0.0,176,GENERATE,3,30
0.0,177,GENERATE,3,31
0.0,178,GENERATE,3,32
0.0,179,GENERATE,3,33
0.0,180,GENERATE,3,34
0.0,181,GENERATE,3,35
0.0,182,GENERATE,3,36
0.0,183,GENERATE,3,37
0.0,184,GENERATE,3,38
0.0,185,GENERATE,3,39
0.0,186,GENERATE,3,40
0.0,187,GENERATE,3,41
0.0,188,GENERATE,3,42
0.0,189,GENERATE,3,43
0.0,190,GENERATE,3,44
0.0,191,GENERATE,3,45
0.0,192,GENERATE,3,46
0.0,193,GENERATE,3,47
0.0,194,GENERATE,3,48
0.0,195,GENERATE,3,49
0.0,196,GENERATE,4,0
0.0,197,GENERATE,4,1
0.0,198,GENERATE,4,2
0.0,199,GENERATE,4,3
0.0,200,GENERATE,4,5
0.0,201,GENERATE,4,6
0.0,202,GENERATE,4,7
0.0,203,GENERATE,4,8
0.0,204,GENERATE,4,9
0.0,205,GENERATE,4,10
0.0,206,GENERATE,4,11
0.0,207,GENERATE,4,12
0.0,208,GENERATE,4,13
0.0,209,GENERATE,4,14
0.0,210,GENERATE,4,15
0.0,211,GENERATE,4,16
0.0,212,GENERATE,4,17
0.0,213,GENERATE,4,18
0.0,214,GENERATE,4,19
0.0,215,GENERATE,4,20
0.0,216,GENERATE,4,21
0.0,217,GENERATE,4,22
0.0,218,GENERATE,4,23
0.0,219,GENERATE,4,24
0.0,220,GENERATE,4,25
0.0,221,GENERATE,4,26
0.0,222,GENERATE,4,27
0.0,223,GENERATE,4,28
0.0,224,GENERATE,4,29
0.0,225,GENERATE,4,30
0.0,226,GENERATE,4,31
0.0,227,GENERATE,4,32
0.0,228,GENERATE,4,33
0.0,229,GENERATE,4,34
0.0,230,GENERATE,4,35
0.0,231,GENERATE,4,36
0.0,232,GENERATE,4,37
0.0,233,GENERATE,4,38
0.0,234,GENERATE,4,39
0.0,235,GENERATE,4,40
0.0,236,GENERATE,4,41
0.0,237,GENERATE,4,42
0.0,238,GENERATE,4,43
0.0,239,GENERATE,4,44
0.0,240,GENERATE,4,45
0.0,241,GENERATE,4,46
0.0,242,GENERATE,4,47
0.0,243,GENERATE,4,48
0.0,244,GENERATE,4,49
0.0,245,GENERATE,5,0
0.0,246,GENERATE,5,1
0.0,247,GENERATE,5,2
0.0,248,GENERATE,5,3
0.0,249,GENERATE,5,4
0.0,250,GENERATE,5,6
0.0,251,GENERATE,5,7
0.0,252,GENERATE,5,8
0.0,253,GENERATE,5,9
0.0,254,GENERATE,5,10
0.0,255,GENERATE,5,11
0.0,256,GENERATE,5,12
0.0,257,GENERATE,5,13
0.0,258,GENERATE,5,14
0.0,259,GENERATE,5,15
0.0,260,GENERATE,5,16
0.0,261,GENERATE,5,17
0.0,262,GENERATE,5,18
0.0,263,GENERATE,5,19
0.0,264,GENERATE,5,20
0.0,265,GENERATE,5,21
0.0,266,GENERATE,5,22
0.0,267,GENERATE,5,23
0.0,268,GENERATE,5,24
0.0,269,GENERATE,5,25
0.0,270,GENERATE,5,26
0.0,271,GENERATE,5,27
0.0,272,GENERATE,5,28
0.0,273,GENERATE,5,29
0.0,274,GENERATE,5,30
0.0,275,GENERATE,5,31
0.0,276,GENERATE,5,32
0.0,277,GENERATE,5,33
0.0,278,GENERATE,5,34
0.0,279,GENERATE,5,35
0.0,280,GENERATE,5,36
0.0,281,GENERATE,5,37
0.0,282,GENERATE,5,38
0.0,283,GENERATE,5,39
0.0,284,GENERATE,5,40
0.0,285,GENERATE,5,41
0.0,286,GENERATE,5,42
0.0,287,GENERATE,5,43
0.0,288,GENERATE,5,44
0.0,289,GENERATE,5,45
0.0,290,GENERATE,5,46
0.0,291,GENERATE,5,47
0.0,292,GENERATE,5,48
0.0,293,GENERATE,5,49
0.0,294,GENERATE,6,0
0.0,295,GENERATE,6,1
0.0,296,GENERATE,6,2
0.0,297,GENERATE,6,3
0.0,298,GENERATE,6,4
0.0,299,GENERATE,6,5
0.0,300,GENERATE,6,7
0.0,301,GENERATE,6,8
0.0,302,GENERATE,6,9
0.0,303,GENERATE,6,10
0.0,304,GENERATE,6,11
0.0,305,GENERATE,6,12
0.0,306,GENERATE,6,13
0.0,307,GENERATE,6,14
0.0,308,GENERATE,6,15
0.0,309,GENERATE,6,16
0.0,310,GENERATE,6,17
0.0,311,GENERATE,6,18
0.0,312,GENERATE,6,19
0.0,313,GENERATE,6,20
0.0,314,GENERATE,6,21
0.0,315,GENERATE,6,22
0.0,316,GENERATE,6,23
0.0,317,GENERATE,6,24
0.0,318,GENERATE,6,25
0.0,319,GENERATE,6,26
0.0,320,GENERATE,6,27
0.0,321,GENERATE,6,28
0.0,322,GENERATE,6,29
0.0,323,GENERATE,6,30
0.0,324,GENERATE,6,31
0.0,325,GENERATE,6,32
0.0,326,GENERATE,6,33
0.0,327,GENERATE,6,34
0.0,328,GENERATE,6,35
0.0,329,GENERATE,6,36
0.0,330,GENERATE,6,37
0.0,331,GENERATE,6,38
0.0,332,GENERATE,6,39
0.0,333,GENERATE,6,40
0.0,334,GENERATE,6,41
0.0,335,GENERATE,6,42
0.0,336,GENERATE,6,43
0.0,337,GENERATE,6,44
0.0,338,GENERATE,6,45
0.0,339,GENERATE,6,46
0.0,340,GENERATE,6,47
0.0,341,GENERATE,6,48
0.0,342,GENERATE,6,49
0.0,343,GENERATE,7,0
0.0,344,GENERATE,7,1
0.0,345,GENERATE,7,2
0.0,346,GENERATE,7,3
0.0,347,GENERATE,7,4
0.0,348,GENERATE,7,5
0.0,349,GENERATE,7,6
0.0,350,GENERATE,7,8
0.0,351,GENERATE,7,9
0.0,352,GENERATE,7,10
0.0,353,GENERATE,7,11
0.0,354,GENERATE,7,12
0.0,355,GENERATE,7,13
0.0,356,GENERATE,7,14
0.0,357,GENERATE,7,15
0.0,358,GENERATE,7,16
0.0,359,GENERATE,7,17
0.0,360,GENERATE,7,18
0.0,361,GENERATE,7,19
0.0,362,GENERATE,7,20
0.0,363,GENERATE,7,21
0.0,364,GENERATE,7,22
0.0,365,GENERATE,7,23
0.0,366,GENERATE,7,24
0.0,367,GENERATE,7,25
0.0,368,GENERATE,7,26
0.0,369,GENERATE,7,27
0.0,370,GENERATE,7,28
0.0,371,GENERATE,7,29
0.0,372,GENERATE,7,30
0.0,373,GENERATE,7,31
0.0,374,GENERATE,7,32
0.0,375,GENERATE,7,33
0.0,376,GENERATE,7,34
0.0,377,GENERATE,7,35
0.0,378,GENERATE,7,36
0.0,379,GENERATE,7,37
0.0,380,GENERATE,7,38
0.0,381,GENERATE,7,39
0.0,382,GENERATE,7,40
0.0,383,GENERATE,7,41
0.0,384,GENERATE,7,42
0.0,385,GENERATE,7,43
0.0,386,GENERATE,7,44
0.0,387,GENERATE,7,45
0.0,388,GENERATE,7,46
0.0,389,GENERATE,7,47
0.0,390,GENERATE,7,48
0.0,391,GENERATE,7,49
0.0,392,GENERATE,8,0
0.0,393,GENERATE,8,1
0.0,394,GENERATE,8,2
0.0,395,GENERATE,8,3
0.0,396,GENERATE,8,4
0.0,397,GENERATE,8,5
0.0,398,GENERATE,8,6
0.0,399,GENERATE,8,7
0.0,400,GENERATE,8,9
0.0,401,GENERATE,8,10
0.0,402,GENERATE,8,11
0.0,403,GENERATE,8,12
0.0,404,GENERATE,8,13
0.0,405,GENERATE,8,14
0.0,406,GENERATE,8,15
0.0,407,GENERATE,8,16
0.0,408,GENERATE,8,17
0.0,409,GENERATE,8,18
0.0,410,GENERATE,8,19
0.0,411,GENERATE,8,20
0.0,412,GENERATE,8,21
0.0,413,GENERATE,8,22
0.0,414,GENERATE,8,23
0.0,415,GENERATE,8,24
0.0,416,GENERATE,8,25
0.0,417,GENERATE,8,26
0.0,418,GENERATE,8,27
0.0,419,GENERATE,8,28
0.0,420,GENERATE,8,29
0.0,421,GENERATE,8,30
0.0,422,GENERATE,8,31
0.0,423,GENERATE,8,32
0.0,424,GENERATE,8,33
0.0,425,GENERATE,8,34
0.0,426,GENERATE,8,35
0.0,427,GENERATE,8,36
0.0,428,GENERATE,8,37
0.0,429,GENERATE,8,38
0.0,430,GENERATE,8,39
0.0,431,GENERATE,8,40
0.0,432,GENERATE,8,41
0.0,433,GENERATE,8,42
0.0,434,GENERATE,8,43
0.0,435,GENERATE,8,44
0.0,436,GENERATE,8,45
0.0,437,GENERATE,8,46
0.0,438,GENERATE,8,47
0.0,439,GENERATE,8,48
0.0,440,GENERATE,8,49
0.0,441,GENERATE,9,0
0.0,442,GENERATE,9,1
0.0,443,GENERATE,9,2
0.0,444,GENERATE,9,3
0.0,445,GENERATE,9,4
0.0,446,GENERATE,9,5
0.0,447,GENERATE,9,6
0.0,448,GENERATE,9,7
0.0,449,GENERATE,9,8
0.0,450,GENERATE,9,10
0.0,451,GENERATE,9,11
0.0,452,GENERATE,9,12
0.0,453,GENERATE,9,13
0.0,454,GENERATE,9,14
0.0,455,GENERATE,9,15
0.0,456,GENERATE,9,16
0.0,457,GENERATE,9,17
0.0,458,GENERATE,9,18
0.0,459,GENERATE,9,19
0.0,460,GENERATE,9,20
0.0,461,GENERATE,9,21
0.0,462,GENERATE,9,22
0.0,463,GENERATE,9,23
0.0,464,GENERATE,9,24
0.0,465,GENERATE,9,25
0.0,466,GENERATE,9,26
0.0,467,GENERATE,9,27
0.0,468,GENERATE,9,28
0.0,469,GENERATE,9,29
0.0,470,GENERATE,9,30
0.0,471,GENERATE,9,31
0.0,472,GENERATE,9,32
0.0,473,GENERATE,9,33
0.0,474,GENERATE,9,34
0.0,475,GENERATE,9,35
0.0,476,GENERATE,9,36
0.0,477,GENERATE,9,37
0.0,478,GENERATE,9,38
0.0,479,GENERATE,9,39
0.0,480,GENERATE,9,40
0.0,481,GENERATE,9,41
0.0,482,GENERATE,9,42
0.0,483,GENERATE,9,43
0.0,484,GENERATE,9,44
0.0,485,GENERATE,9,45
0.0,486,GENERATE,9,46
0.0,487,GENERATE,9,47
0.0,488,GENERATE,9,48
0.0,489,GENERATE,9,49
0.0,490,GENERATE,10,0
0.0,491,GENERATE,10,1
0.0,492,GENERATE,10,2
0.0,493,GENERATE,10,3
0.0,494,GENERATE,10,4
0.0,495,GENERATE,10,5
0.0,496,GENERATE,10,6
0.0,497,GENERATE,10,7
0.0,498,GENERATE,10,8
0.0,499,GENERATE,10,9
0.0,500,GENERATE,10,11
0.0,501,GENERATE,10,12
0.0,502,GENERATE,10,13
0.0,503,GENERATE,10,14
0.0,504,GENERATE,10,15
0.0,505,GENERATE,10,16
0.0,506,GENERATE,10,17
0.0,507,GENERATE,10,18
0.0,508,GENERATE,10,19
0.0,509,GENERATE,10,20
0.0,510,GENERATE,10,21
0.0,511,GENERATE,10,22
0.0,512,GENERATE,10,23
0.0,513,GENERATE,10,24
0.0,514,GENERATE,10,25
0.0,515,GENERATE,10,26
0.0,516,GENERATE,10,27
0.0,517,GENERATE,10,28
0.0,518,GENERATE,10,29
0.0,519,GENERATE,10,30
0.0,520,GENERATE,10,31
0.0,521,GENERATE,10,32
0.0,522,GENERATE,10,33
0.0,523,GENERATE,10,34
0.0,524,GENERATE,10,35
0.0,525,GENERATE,10,36
0.0,526,GENERATE,10,37
0.0,527,GENERATE,10,38
0.0,528,GENERATE,10,39
0.0,529,GENERATE,10,40
0.0,530,GENERATE,10,41
0.0,531,GENERATE,10,42
0.0,532,GENERATE,10,43
0.0,533,GENERATE,10,44
0.0,534,GENERATE,10,45
0.0,535,GENERATE,10,46
0.0,536,GENERATE,10,47
0.0,537,GENERATE,10,48
0.0,538,GENERATE,10,49
0.0,539,GENERATE,11,0
0.0,540,GENERATE,11,1
0.0,541,GENERATE,11,2
0.0,542,GENERATE,11,3
0.0,543,GENERATE,11,4
0.0,544,GENERATE,11,5
0.0,545,GENERATE,11,6
0.0,546,GENERATE,11,7
0.0,547,GENERATE,11,8
0.0,548,GENERATE,11,9
0.0,549,GENERATE,11,10
0.0,550,GENERATE,11,12
0.0,551,GENERATE,11,13
0.0,552,GENERATE,11,14
0.0,553,GENERATE,11,15
0.0,554,GENERATE,11,16
0.0,555,GENERATE,11,17
0.0,556,GENERATE,11,18
0.0,557,GENERATE,11,19
0.0,558,GENERATE,11,20
0.0,559,GENERATE,11,21
0.0,560,GENERATE,11,22
0.0,561,GENERATE,11,23
0.0,562,GENERATE,11,24
0.0,563,GENERATE,11,25
0.0,564,GENERATE,11,26
0.0,565,GENERATE,11,27
0.0,566,GENERATE,11,28
0.0,567,GENERATE,11,29
0.0,568,GENERATE,11,30
0.0,569,GENERATE,11,31
0.0,570,GENERATE,11,32
0.0,571,GENERATE,11,33
0.0,572,GENERATE,11,34
0.0,573,GENERATE,11,35
0.0,574,GENERATE,11,36
0.0,575,GENERATE,11,37
0.0,576,GENERATE,11,38
0.0,577,GENERATE,11,39
0.0,578,GENERATE,11,40
0.0,579,GENERATE,11,41
0.0,580,GENERATE,11,42
0.0,581,GENERATE,11,43
0.0,582,GENERATE,11,44
0.0,583,GENERATE,11,45
0.0,584,GENERATE,11,46
0.0,585,GENERATE,11,47
0.0,586,GENERATE,11,48
0.0,587,GENERATE,11,49
0.0,588,GENERATE,12,0
0.0,589,GENERATE,12,1
0.0,590,GENERATE,12,2
0.0,591,GENERATE,12,3
0.0,592,GENERATE,12,4
0.0,593,GENERATE,12,5
0.0,594,GENERATE,12,6
0.0,595,GENERATE,12,7
0.0,596,GENERATE,12,8
0.0,597,GENERATE,12,9
0.0,598,GENERATE,12,10
0.0,599,GENERATE,12,11
0.0,600,GENERATE,12,13
0.0,601,GENERATE,12,14
0.0,602,GENERATE,12,15
0.0,603,GENERATE,12,16
0.0,604,GENERATE,12,17
0.0,605,GENERATE,12,18
0.0,606,GENERATE,12,19
0.0,607,GENERATE,12,20
0.0,608,GENERATE,12,21
0.0,609,GENERATE,12,22
0.0,610,GENERATE,12,23
0.0,611,GENERATE,12,24
0.0,612,GENERATE,12,25
0.0,613,GENERATE,12,26
0.0,614,GENERATE,12,27
0.0,615,GENERATE,12,28
0.0,616,GENERATE,12,29
0.0,617,GENERATE,12,30
0.0,618,GENERATE,12,31
0.0,619,GENERATE,12,32
0.0,620,GENERATE,12,33
0.0,621,GENERATE,12,34
0.0,622,GENERATE,12,35
0.0,623,GENERATE,12,36
0.0,624,GENERATE,12,37
0.0,625,GENERATE,12,38
0.0,626,GENERATE,12,39
0.0,627,GENERATE,12,40
0.0,628,GENERATE,12,41
0.0,629,GENERATE,12,42
0.0,630,GENERATE,12,43
0.0,631,GENERATE,12,44
0.0,632,GENERATE,12,45
0.0,633,GENERATE,12,46
0.0,634,GENERATE,12,47
0.0,635,GENERATE,12,48
0.0,636,GENERATE,12,49
0.0,637,GENERATE,13,0
0.0,638,GENERATE,13,1
0.0,639,GENERATE,13,2
0.0,640,GENERATE,13,3
0.0,641,GENERATE,13,4
0.0,642,GENERATE,13,5
0.0,643,GENERATE,13,6
0.0,644,GENERATE,13,7
0.0,645,GENERATE,13,8
0.0,646,GENERATE,13,9
0.0,647,GENERATE,13,10
0.0,648,GENERATE,13,11
0.0,649,GENERATE,13,12
0.0,650,GENERATE,13,14
0.0,651,GENERATE,13,15
0.0,652,GENERATE,13,16
0.0,653,GENERATE,13,17
0.0,654,GENERATE,13,18
0.0,655,GENERATE,13,19
0.0,656,GENERATE,13,20
0.0,657,GENERATE,13,21
0.0,658,GENERATE,13,22
0.0,659,GENERATE,13,23
0.0,660,GENERATE,13,24
0.0,661,GENERATE,13,25
0.0,662,GENERATE,13,26
0.0,663,GENERATE,13,27
0.0,664,GENERATE,13,28
0.0,665,GENERATE,13,29
0.0,666,GENERATE,13,30
0.0,667,GENERATE,13,31
0.0,668,GENERATE,13,32
0.0,669,GENERATE,13,33
0.0,670,GENERATE,13,34
0.0,671,GENERATE,13,35
0.0,672,GENERATE,13,36
0.0,673,GENERATE,13,37
0.0,674,GENERATE,13,38
0.0,675,GENERATE,13,39
0.0,676,GENERATE,13,40
0.0,677,GENERATE,13,41
0.0,678,GENERATE,13,42
0.0,679,GENERATE,13,43
0.0,680,GENERATE,13,44
0.0,681,GENERATE,13,45
0.0,682,GENERATE,13,46
0.0,683,GENERATE,13,47
0.0,684,GENERATE,13,48
0.0,685,GENERATE,13,49
0.0,686,GENERATE,14,0
0.0,687,GENERATE,14,1
0.0,688,GENERATE,14,2
0.0,689,GENERATE,14,3
0.0,690,GENERATE,14,4
0.0,691,GENERATE,14,5
0.0,692,GENERATE,14,6
0.0,693,GENERATE,14,7
0.0,694,GENERATE,14,8
0.0,695,GENERATE,14,9
0.0,696,GENERATE,14,10
0.0,697,GENERATE,14,11
0.0,698,GENERATE,14,12
0.0,699,GENERATE,14,13
0.0,700,GENERATE,14,15
0.0,701,GENERATE,14,16
0.0,702,GENERATE,14,17
0.0,703,GENERATE,14,18
0.0,704,GENERATE,14,19
0.0,705,GENERATE,14,20
0.0,706,GENERATE,14,21
0.0,707,GENERATE,14,22
0.0,708,GENERATE,14,23
0.0,709,GENERATE,14,24
0.0,710,GENERATE,14,25
0.0,711,GENERATE,14,26
0.0,712,GENERATE,14,27
0.0,713,GENERATE,14,28
0.0,714,GENERATE,14,29
0.0,715,GENERATE,14,30
0.0,716,GENERATE,14,31
0.0,717,GENERATE,14,32
0.0,718,GENERATE,14,33
0.0,719,GENERATE,14,34
0.0,720,GENERATE,14,35
0.0,721,GENERATE,14,36
0.0,722,GENERATE,14,37
0.0,723,GENERATE,14,38
0.0,724,GENERATE,14,39
0.0,725,GENERATE,14,40
0.0,726,GENERATE,14,41
0.0,727,GENERATE,14,42
0.0,728,GENERATE,14,43
0.0,729,GENERATE,14,44
0.0,730,GENERATE,14,45
0.0,731,GENERATE,14,46
0.0,732,GENERATE,14,47
0.0,733,GENERATE,14,48
0.0,734,GENERATE,14,49
0.0,735,GENERATE,15,0
0.0,736,GENERATE,15,1
0.0,737,GENERATE,15,2
0.0,738,GENERATE,15,3
0.0,739,GENERATE,15,4
0.0,740,GENERATE,15,5
0.0,741,GENERATE,15,6
0.0,742,GENERATE,15,7
0.0,743,GENERATE,15,8
0.0,744,GENERATE,15,9
0.0,745,GENERATE,15,10
0.0,746,GENERATE,15,11
0.0,747,GENERATE,15,12
0.0,748,GENERATE,15,13
0.0,749,GENERATE,15,14
0.0,750,GENERATE,15,16
0.0,751,GENERATE,15,17
0.0,752,GENERATE,15,18
0.0,753,GENERATE,15,19
0.0,754,GENERATE,15,20
0.0,755,GENERATE,15,21
0.0,756,GENERATE,15,22
0.0,757,GENERATE,15,23
0.0,758,GENERATE,15,24
0.0,759,GENERATE,15,25
0.0,760,GENERATE,15,26
0.0,761,GENERATE,15,27
0.0,762,GENERATE,15,28
0.0,763,GENERATE,15,29
0.0,764,GENERATE,15,30
0.0,765,GENERATE,15,31
0.0,766,GENERATE,15,32
0.0,767,GENERATE,15,33
0.0,768,GENERATE,15,34
0.0,769,GENERATE,15,35
0.0,770,GENERATE,15,36
0.0,771,GENERATE,15,37
0.0,772,GENERATE,15,38
0.0,773,GENERATE,15,39
0.0,774,GENERATE,15,40
0.0,775,GENERATE,15,41
0.0,776,GENERATE,15,42
0.0,777,GENERATE,15,43
0.0,778,GENERATE,15,44
0.0,779,GENERATE,15,45
0.0,780,GENERATE,15,46
0.0,781,GENERATE,15,47
0.0,782,GENERATE,15,48
0.0,783,GENERATE,15,49
0.0,784,GENERATE,16,0
0.0,785,GENERATE,16,1
0.0,786,GENERATE,16,2
0.0,787,GENERATE,16,3
0.0,788,GENERATE,16,4
0.0,789,GENERATE,16,5
0.0,790,GENERATE,16,6
0.0,791,GENERATE,16,7
0.0,792,GENERATE,16,8
0.0,793,GENERATE,16,9
0.0,794,GENERATE,16,10
0.0,795,GENERATE,16,11
0.0,796,GENERATE,16,12
0.0,797,GENERATE,16,13
0.0,798,GENERATE,16,14
0.0,799,GENERATE,16,15
0.0,800,GENERATE,16,17
0.0,801,GENERATE,16,18
0.0,802,GENERATE,16,19
0.0,803,GENERATE,16,20
0.0,804,GENERATE,16,21
0.0,805,GENERATE,16,22
0.0,806,GENERATE,16,23
0.0,807,GENERATE,16,24
0.0,808,GENERATE,16,25
0.0,809,GENERATE,16,26
0.0,810,GENERATE,16,27
0.0,811,GENERATE,16,28
0.0,812,GENERATE,16,29
0.0,813,GENERATE,16,30
0.0,814,GENERATE,16,31
0.0,815,GENERATE,16,32
0.0,816,GENERATE,16,33
0.0,817,GENERATE,16,34
0.0,818,GENERATE,16,35
0.0,819,GENERATE,16,36
0.0,820,GENERATE,16,37
0.0,821,GENERATE,16,38
0.0,822,GENERATE,16,39
0.0,823,GENERATE,16,40
0.0,824,GENERATE,16,41
0.0,825,GENERATE,16,42
0.0,826,GENERATE,16,43
0.0,827,GENERATE,16,44
0.0,828,GENERATE,16,45
0.0,829,GENERATE,16,46
0.0,830,GENERATE,16,47
0.0,831,GENERATE,16,48
0.0,832,GENERATE,16,49
0.0,833,GENERATE,17,0
0.0,834,GENERATE,17,1
0.0,835,GENERATE,17,2
0.0,836,GENERATE,17,3
0.0,837,GENERATE,17,4
0.0,838,GENERATE,17,5
0.0,839,GENERATE,17,6
0.0,840,GENERATE,17,7
0.0,841,GENERATE,17,8
0.0,842,GENERATE,17,9
0.0,843,GENERATE,17,10
0.0,844,GENERATE,17,11
0.0,845,GENERATE,17,12
0.0,846,GENERATE,17,13
0.0,847,GENERATE,17,14
0.0,848,GENERATE,17,15
0.0,849,GENERATE,17,16
0.0,850,GENERATE,17,18
0.0,851,GENERATE,17,19
0.0,852,GENERATE,17,20
0.0,853,GENERATE,17,21
0.0,854,GENERATE,17,22
0.0,855,GENERATE,17,23
0.0,856,GENERATE,17,24
0.0,857,GENERATE,17,25
0.0,858,GENERATE,17,26
0.0,859,GENERATE,17,27
0.0,860,GENERATE,17,28
0.0,861,GENERATE,17,29
0.0,862,GENERATE,17,30
0.0,863,GENERATE,17,31
0.0,864,GENERATE,17,32
0.0,865,GENERATE,17,33
0.0,866,GENERATE,17,34
0.0,867,GENERATE,17,35
0.0,868,GENERATE,17,36
0.0,869,GENERATE,17,37
0.0,870,GENERATE,17,38
0.0,871,GENERATE,17,39
0.0,872,GENERATE,17,40
0.0,873,GENERATE,17,41
0.0,874,GENERATE,17,42
0.0,875,GENERATE,17,43
0.0,876,GENERATE,17,44
0.0,877,GENERATE,17,45
0.0,878,GENERATE,17,46
0.0,879,GENERATE,17,47
0.0,880,GENERATE,17,48
0.0,881,GENERATE,17,49
0.0,882,GENERATE,18,0
0.0,883,GENERATE,18,1
0.0,884,GENERATE,18,2
0.0,885,GENERATE,18,3
0.0,886,GENERATE,18,4
0.0,887,GENERATE,18,5
0.0,888,GENERATE,18,6
0.0,889,GENERATE,18,7
0.0,890,GENERATE,18,8
0.0,891,GENERATE,18,9
0.0,892,GENERATE,18,10
0.0,893,GENERATE,18,11
0.0,894,GENERATE,18,12
0.0,895,GENERATE,18,13
0.0,896,GENERATE,18,14
0.0,897,GENERATE,18,15
0.0,898,GENERATE,18,16
0.0,899,GENERATE,18,17
0.0,900,GENERATE,18,19
0.0,901,GENERATE,18,20
0.0,902,GENERATE,18,21
0.0,903,GENERATE,18,22
0.0,904,GENERATE,18,23
0.0,905,GENERATE,18,24
0.0,906,GENERATE,18,25
0.0,907,GENERATE,18,26
0.0,908,GENERATE,18,27
0.0,909,GENERATE,18,28
0.0,910,GENERATE,18,29
0.0,911,GENERATE,18,30
0.0,912,GENERATE,18,31
0.0,913,GENERATE,18,32
0.0,914,GENERATE,18,33
0.0,915,GENERATE,18,34
0.0,916,GENERATE,18,35
0.0,917,GENERATE,18,36
0.0,918,GENERATE,18,37
0.0,919,GENERATE,18,38
0.0,920,GENERATE,18,39
0.0,921,GENERATE,18,40
0.0,922,GENERATE,18,41
0.0,923,GENERATE,18,42
0.0,924,GENERATE,18,43
0.0,925,GENERATE,18,44
0.0,926,GENERATE,18,45
0.0,927,GENERATE,18,46
0.0,928,GENERATE,18,47
0.0,929,GENERATE,18,48
0.0,930,GENERATE,18,49
0.0,931,GENERATE,19,0
0.0,932,GENERATE,19,1
0.0,933,GENERATE,19,2
0.0,934,GENERATE,19,3
0.0,935,GENERATE,19,4
0.0,936,GENERATE,19,5
0.0,937,GENERATE,19,6
0.0,938,GENERATE,19,7
0.0,939,GENERATE,19,8
0.0,940,GENERATE,19,9
0.0,941,GENERATE,19,10
0.0,942,GENERATE,19,11
0.0,943,GENERATE,19,12
0.0,944,GENERATE,19,13
0.0,945,GENERATE,19,14
0.0,946,GENERATE,19,15
0.0,947,GENERATE,19,16
0.0,948,GENERATE,19,17
0.0,949,GENERATE,19,18
0.0,950,GENERATE,19,20
0.0,951,GENERATE,19,21
0.0,952,GENERATE,19,22
0.0,953,GENERATE,19,23
0.0,954,GENERATE,19,24
0.0,955,GENERATE,19,25
0.0,956,GENERATE,19,26
0.0,957,GENERATE,19,27
0.0,958,GENERATE,19,28
0.0,959,GENERATE,19,29
0.0,960,GENERATE,19,30
0.0,961,GENERATE,19,31
0.0,962,GENERATE,19,32
0.0,963,GENERATE,19,33
0.0,964,GENERATE,19,34
0.0,965,GENERATE,19,35
0.0,966,GENERATE,19,36
0.0,967,GENERATE,19,37
0.0,968,GENERATE,19,38
0.0,969,GENERATE,19,39
0.0,970,GENERATE,19,40
0.0,971,GENERATE,19,41
0.0,972,GENERATE,19,42
0.0,973,GENERATE,19,43
0.0,974,GENERATE,19,44
0.0,975,GENERATE,19,45
0.0,976,GENERATE,19,46
0.0,977,GENERATE,19,47
0.0,978,GENERATE,19,48
0.0,979,GENERATE,19,49
0.0,980,GENERATE,20,0
0.0,981,GENERATE,20,1
0.0,982,GENERATE,20,2
0.0,983,GENERATE,20,3
0.0,984,GENERATE,20,4
0.0,985,GENERATE,20,5
0.0,986,GENERATE,20,6
0.0,987,GENERATE,20,7
0.0,988,GENERATE,20,8
0.0,989,GENERATE,20,9
0.0,990,GENERATE,20,10
0.0,991,GENERATE,20,11
0.0,992,GENERATE,20,12
0.0,993,GENERATE,20,13
0.0,994,GENERATE,20,14
0.0,995,GENERATE,20,15
0.0,996,GENERATE,20,16
0.0,997,GENERATE,20,17
0.0,998,GENERATE,20,18
0.0,999,GENERATE,20,19
0.0,1000,GENERATE,20,21
0.0,1001,GENERATE,20,22
0.0,1002,GENERATE,20,23
0.0,1003,GENERATE,20,24
0.0,1004,GENERATE,20,25
0.0,1005,GENERATE,20,26
0.0,1006,GENERATE,20,27
0.0,1007,GENERATE,20,28
0.0,1008,GENERATE,20,29
0.0,1009,GENERATE,20,30
0.0,1010,GENERATE,20,31
0.0,1011,GENERATE,20,32
0.0,1012,GENERATE,20,33
0.0,1013,GENERATE,20,34
0.0,1014,GENERATE,20,35
0.0,1015,GENERATE,20,36
0.0,1016,GENERATE,20,37
0.0,1017,GENERATE,20,38
0.0,1018,GENERATE,20,39
0.0,1019,GENERATE,20,40
0.0,1020,GENERATE,20,41
0.0,1021,GENERATE,20,42
0.0,1022,GENERATE,20,43
0.0,1023,GENERATE,20,44
0.0,1024,GENERATE,20,45
0.0,1025,GENERATE,20,46
0.0,1026,GENERATE,20,47
0.0,1027,GENERATE,20,48
0.0,1028,GENERATE,20,49
0.0,1029,GENERATE,21,0
0.0,1030,GENERATE,21,1
0.0,1031,GENERATE,21,2
0.0,1032,GENERATE,21,3
0.0,1033,GENERATE,21,4
0.0,1034,GENERATE,21,5
0.0,1035,GENERATE,21,6
0.0,1036,GENERATE,21,7
0.0,1037,GENERATE,21,8
0.0,1038,GENERATE,21,9
0.0,1039,GENERATE,21,10
0.0,1040,GENERATE,21,11
0.0,1041,GENERATE,21,12
0.0,1042,GENERATE,21,13
0.0,1043,GENERATE,21,14
0.0,1044,GENERATE,21,15
0.0,1045,GENERATE,21,16
0.0,1046,GENERATE,21,17
0.0,1047,GENERATE,21,18
0.0,1048,GENERATE,21,19
0.0,1049,GENERATE,21,20
0.0,1050,GENERATE,21,22
0.0,1051,GENERATE,21,23
0.0,1052,GENERATE,21,24
0.0,1053,GENERATE,21,25
0.0,1054,GENERATE,21,26
0.0,1055,GENERATE,21,27
0.0,1056,GENERATE,21,28
0.0,1057,GENERATE,21,29
0.0,1058,GENERATE,21,30
0.0,1059,GENERATE,21,31
0.0,1060,GENERATE,21,32
0.0,1061,GENERATE,21,33
0.0,1062,GENERATE,21,34
0.0,1063,GENERATE,21,35
0.0,1064,GENERATE,21,36
0.0,1065,GENERATE,21,37
0.0,1066,GENERATE,21,38
0.0,1067,GENERATE,21,39
0.0,1068,GENERATE,21,40
0.0,1069,GENERATE,21,41
0.0,1070,GENERATE,21,42
0.0,1071,GENERATE,21,43
0.0,1072,GENERATE,21,44
0.0,1073,GENERATE,21,45
0.0,1074,GENERATE,21,46
0.0,1075,GENERATE,21,47
0.0,1076,GENERATE,21,48
0.0,1077,GENERATE,21,49
0.0,1078,GENERATE,22,0
0.0,1079,GENERATE,22,1
0.0,1080,GENERATE,22,2
0.0,1081,GENERATE,22,3
0.0,1082,GENERATE,22,4
0.0,1083,GENERATE,22,5
0.0,1084,GENERATE,22,6
0.0,1085,GENERATE,22,7
0.0,1086,GENERATE,22,8
0.0,1087,GENERATE,22,9
0.0,1088,GENERATE,22,10
0.0,1089,GENERATE,22,11
0.0,1090,GENERATE,22,12
0.0,1091,GENERATE,22,13
0.0,1092,GENERATE,22,14
0.0,1093,GENERATE,22,15
0.0,1094,GENERATE,22,16
0.0,1095,GENERATE,22,17
0.0,1096,GENERATE,22,18
0.0,1097,GENERATE,22,19
0.0,1098,GENERATE,22,20
0.0,1099,GENERATE,22,21
0.0,1100,GENERATE,22,23
0.0,1101,GENERATE,22,24
0.0,1102,GENERATE,22,25
0.0,1103,GENERATE,22,26
0.0,1104,GENERATE,22,27
0.0,1105,GENERATE,22,28
0.0,1106,GENERATE,22,29
0.0,1107,GENERATE,22,30
0.0,1108,GENERATE,22,31
0.0,1109,GENERATE,22,32
0.0,1110,GENERATE,22,33
0.0,1111,GENERATE,22,34
0.0,1112,GENERATE,22,35
0.0,1113,GENERATE,22,36
0.0,1114,GENERATE,22,37
0.0,1115,GENERATE,22,38
0.0,1116,GENERATE,22,39
0.0,1117,GENERATE,22,40
0.0,1118,GENERATE,22,41
0.0,1119,GENERATE,22,42
0.0,1120,GENERATE,22,43
0.0,1121,GENERATE,22,44
0.0,1122,GENERATE,22,45
0.0,1123,GENERATE,22,46
0.0,1124,GENERATE,22,47
0.0,1125,GENERATE,22,48
0.0,1126,GENERATE,22,49
0.0,1127,GENERATE,23,0
0.0,1128,GENERATE,23,1
0.0,1129,GENERATE,23,2
0.0,1130,GENERATE,23,3
0.0,1131,GENERATE,23,4
0.0,1132,GENERATE,23,5
0.0,1133,GENERATE,23,6
0.0,1134,GENERATE,23,7
0.0,1135,GENERATE,23,8
0.0,1136,GENERATE,23,9
0.0,1137,GENERATE,23,10
0.0,1138,GENERATE,23,11
0.0,1139,GENERATE,23,12
0.0,1140,GENERATE,23,13
0.0,1141,GENERATE,23,14
0.0,1142,GENERATE,23,15
0.0,1143,GENERATE,23,16
0.0,1144,GENERATE,23,17
0.0,1145,GENERATE,23,18
0.0,1146,GENERATE,23,19
0.0,1147,GENERATE,23,20
0.0,1148,GENERATE,23,21
0.0,1149,GENERATE,23,22
0.0,1150,GENERATE,23,24
0.0,1151,GENERATE,23,25
0.0,1152,GENERATE,23,26
0.0,1153,GENERATE,23,27
0.0,1154,GENERATE,23,28
0.0,1155,GENERATE,23,29
0.0,1156,GENERATE,23,30
0.0,1157,GENERATE,23,31
0.0,1158,GENERATE,23,32
0.0,1159,GENERATE,23,33
0.0,1160,GENERATE,23,34
0.0,1161,GENERATE,23,35
0.0,1162,GENERATE,23,36
0.0,1163,GENERATE,23,37
0.0,1164,GENERATE,23,38
0.0,1165,GENERATE,23,39
0.0,1166,GENERATE,23,40
0.0,1167,GENERATE,23,41
0.0,1168,GENERATE,23,42
0.0,1169,GENERATE,23,43
0.0,1170,GENERATE,23,44
0.0,1171,GENERATE,23,45
0.0,1172,GENERATE,23,46
0.0,1173,GENERATE,23,47
0.0,1174,GENERATE,23,48
0.0,1175,GENERATE,23,49
0.0,1176,GENERATE,24,0
0.0,1177,GENERATE,24,1
0.0,1178,GENERATE,24,2
0.0,1179,GENERATE,24,3
0.0,1180,GENERATE,24,4
0.0,1181,GENERATE,24,5
0.0,1182,GENERATE,24,6
0.0,1183,GENERATE,24,7
0.0,1184,GENERATE,24,8
0.0,1185,GENERATE,24,9
0.0,1186,GENERATE,24,10
0.0,1187,GENERATE,24,11
0.0,1188,GENERATE,24,12
0.0,1189,GENERATE,24,13
0.0,1190,GENERATE,24,14
0.0,1191,GENERATE,24,15
0.0,1192,GENERATE,24,16
0.0,1193,GENERATE,24,17
0.0,1194,GENERATE,24,18
0.0,1195,GENERATE,24,19
0.0,1196,GENERATE,24,20
0.0,1197,GENERATE,24,21
0.0,1198,GENERATE,24,22
0.0,1199,GENERATE,24,23
0.0,1200,GENERATE,24,25
0.0,1201,GENERATE,24,26
0.0,1202,GENERATE,24,27
0.0,1203,GENERATE,24,28
0.0,1204,GENERATE,24,29
0.0,1205,GENERATE,24,30
0.0,1206,GENERATE,24,31
0.0,1207,GENERATE,24,32
0.0,1208,GENERATE,24,33
0.0,1209,GENERATE,24,34
0.0,1210,GENERATE,24,35
0.0,1211,GENERATE,24,36
0.0,1212,GENERATE,24,37
0.0,1213,GENERATE,24,38
0.0,1214,GENERATE,24,39
0.0,1215,GENERATE,24,40
0.0,1216,GENERATE,24,41
0.0,1217,GENERATE,24,42
0.0,1218,GENERATE,24,43
0.0,1219,GENERATE,24,44
0.0,1220,GENERATE,24,45
0.0,1221,GENERATE,24,46
0.0,1222,GENERATE,24,47
0.0,1223,GENERATE,24,48
0.0,1224,GENERATE,24,49
0.0,1225,GENERATE,25,0
0.0,1226,GENERATE,25,1
0.0,1227,GENERATE,25,2
0.0,1228,GENERATE,25,3
0.0,1229,GENERATE,25,4
0.0,1230,GENERATE,25,5
0.0,1231,GENERATE,25,6
0.0,1232,GENERATE,25,7
0.0,1233,GENERATE,25,8
0.0,1234,GENERATE,25,9
0.0,1235,GENERATE,25,10
0.0,1236,GENERATE,25,11
0.0,1237,GENERATE,25,12
0.0,1238,GENERATE,25,13
0.0,1239,GENERATE,25,14
0.0,1240,GENERATE,25,15
0.0,1241,GENERATE,25,16
0.0,1242,GENERATE,25,17
0.0,1243,GENERATE,25,18
0.0,1244,GENERATE,25,19
0.0,1245,GENERATE,25,20
0.0,1246,GENERATE,25,21
0.0,1247,GENERATE,25,22
0.0,1248,GENERATE,25,23
0.0,1249,GENERATE,25,24
0.0,1250,GENERATE,25,26
0.0,1251,GENERATE,25,27
0.0,1252,GENERATE,25,28
0.0,1253,GENERATE,25,29
0.0,1254,GENERATE,25,30
0.0,1255,GENERATE,25,31
0.0,1256,GENERATE,25,32
0.0,1257,GENERATE,25,33
0.0,1258,GENERATE,25,34
0.0,1259,GENERATE,25,35
0.0,1260,GENERATE,25,36
0.0,1261,GENERATE,25,37
0.0,1262,GENERATE,25,38
0.0,1263,GENERATE,25,39
0.0,1264,GENERATE,25,40
0.0,1265,GENERATE,25,41
0.0,1266,GENERATE,25,42
0.0,1267,GENERATE,25,43
0.0,1268,GENERATE,25,44
0.0,1269,GENERATE,25,45
0.0,1270,GENERATE,25,46
0.0,1271,GENERATE,25,47
0.0,1272,GENERATE,25,48
0.0,1273,GENERATE,25,49
0.0,1274,GENERATE,26,0
0.0,1275,GENERATE,26,1
0.0,1276,GENERATE,26,2
0.0,1277,GENERATE,26,3
0.0,1278,GENERATE,26,4
0.0,1279,GENERATE,26,5
0.0,1280,GENERATE,26,6
0.0,1281,GENERATE,26,7
0.0,1282,GENERATE,26,8
0.0,1283,GENERATE,26,9
0.0,1284,GENERATE,26,10
0.0,1285,GENERATE,26,11
0.0,1286,GENERATE,26,12
0.0,1287,GENERATE,26,13
0.0,1288,GENERATE,26,14
0.0,1289,GENERATE,26,15
0.0,1290,GENERATE,26,16
0.0,1291,GENERATE,26,17
0.0,1292,GENERATE,26,18
0.0,1293,GENERATE,26,19
0.0,1294,GENERATE,26,20
0.0,1295,GENERATE,26,21
0.0,1296,GENERATE,26,22
0.0,1297,GENERATE,26,23
0.0,1298,GENERATE,26,24
0.0,1299,GENERATE,26,25
0.0,1300,GENERATE,26,27
0.0,1301,GENERATE,26,28
0.0,1302,GENERATE,26,29
0.0,1303,GENERATE,26,30
0.0,1304,GENERATE,26,31
0.0,1305,GENERATE,26,32
0.0,1306,GENERATE,26,33
0.0,1307,GENERATE,26,34
0.0,1308,GENERATE,26,35
0.0,1309,GENERATE,26,36
0.0,1310,GENERATE,26,37
0.0,1311,GENERATE,26,38
0.0,1312,GENERATE,26,39
0.0,1313,GENERATE,26,40
0.0,1314,GENERATE,26,41
0.0,1315,GENERATE,26,42
0.0,1316,GENERATE,26,43
0.0,1317,GENERATE,26,44
0.0,1318,GENERATE,26,45
0.0,1319,GENERATE,26,46
0.0,1320,GENERATE,26,47
0.0,1321,GENERATE,26,48
0.0,1322,GENERATE,26,49
0.0,1323,GENERATE,27,0
0.0,1324,GENERATE,27,1
0.0,1325,GENERATE,27,2
0.0,1326,GENERATE,27,3
0.0,1327,GENERATE,27,4
0.0,1328,GENERATE,27,5
0.0,1329,GENERATE,27,6
0.0,1330,GENERATE,27,7
0.0,1331,GENERATE,27,8
0.0,1332,GENERATE,27,9
0.0,1333,GENERATE,27,10
0.0,1334,GENERATE,27,11
0.0,1335,GENERATE,27,12
0.0,1336,GENERATE,27,13
0.0,1337,GENERATE,27,14
0.0,1338,GENERATE,27,15
0.0,1339,GENERATE,27,16
0.0,1340,GENERATE,27,17
0.0,1341,GENERATE,27,18
0.0,1342,GENERATE,27,19
0.0,1343,GENERATE,27,20
0.0,1344,GENERATE,27,21
0.0,1345,GENERATE,27,22
0.0,1346,GENERATE,27,23
0.0,1347,GENERATE,27,24
0.0,1348,GENERATE,27,25
0.0,1349,GENERATE,27,26
0.0,1350,GENERATE,27,28
0.0,1351,GENERATE,27,29
0.0,1352,GENERATE,27,30
0.0,1353,GENERATE,27,31
0.0,1354,GENERATE,27,32
0.0,1355,GENERATE,27,33
0.0,1356,GENERATE,27,34
0.0,1357,GENERATE,27,35
0.0,1358,GENERATE,27,36
0.0,1359,GENERATE,27,37
0.0,1360,GENERATE,27,38
0.0,1361,GENERATE,27,39
0.0,1362,GENERATE,27,40
0.0,1363,GENERATE,27,41
0.0,1364,GENERATE,27,42
0.0,1365,GENERATE,27,43
0.0,1366,GENERATE,27,44
0.0,1367,GENERATE,27,45
0.0,1368,GENERATE,27,46
0.0,1369,GENERATE,27,47
0.0,1370,GENERATE,27,48
0.0,1371,GENERATE,27,49
0.0,1372,GENERATE,28,0
0.0,1373,GENERATE,28,1
0.0,1374,GENERATE,28,2
0.0,1375,GENERATE,28,3
0.0,1376,GENERATE,28,4
0.0,1377,GENERATE,28,5
0.0,1378,GENERATE,28,6
0.0,1379,GENERATE,28,7
0.0,1380,GENERATE,28,8
0.0,1381,GENERATE,28,9
0.0,1382,GENERATE,28,10
0.0,1383,GENERATE,28,11
0.0,1384,GENERATE,28,12
0.0,1385,GENERATE,28,13
0.0,1386,GENERATE,28,14
0.0,1387,GENERATE,28,15
0.0,1388,GENERATE,28,16
0.0,1389,GENERATE,28,17
0.0,1390,GENERATE,28,18
0.0,1391,GENERATE,28,19
0.0,1392,GENERATE,28,20
0.0,1393,GENERATE,28,21
0.0,1394,GENERATE,28,22
0.0,1395,GENERATE,28,23
0.0,1396,GENERATE,28,24
0.0,1397,GENERATE,28,25
0.0,1398,GENERATE,28,26
0.0,1399,GENERATE,28,27
0.0,1400,GENERATE,28,29
0.0,1401,GENERATE,28,30
0.0,1402,GENERATE,28,31
0.0,1403,GENERATE,28,32
0.0,1404,GENERATE,28,33
0.0,1405,GENERATE,28,34
0.0,1406,GENERATE,28,35
0.0,1407,GENERATE,28,36
0.0,1408,GENERATE,28,37
0.0,1409,GENERATE,28,38
0.0,1410,GENERATE,28,39
0.0,1411,GENERATE,28,40
0.0,1412,GENERATE,28,41
0.0,1413,GENERATE,28,42
0.0,1414,GENERATE,28,43
0.0,1415,GENERATE,28,44
0.0,1416,GENERATE,28,45
0.0,1417,GENERATE,28,46
0.0,1418,GENERATE,28,47
0.0,1419,GENERATE,28,48
0.0,1420,GENERATE,28,49
0.0,1421,GENERATE,29,0
0.0,1422,GENERATE,29,1
0.0,1423,GENERATE,29,2
0.0,1424,GENERATE,29,3
0.0,1425,GENERATE,29,4
0.0,1426,GENERATE,29,5
0.0,1427,GENERATE,29,6
0.0,1428,GENERATE,29,7
0.0,1429,GENERATE,29,8
0.0,1430,GENERATE,29,9
0.0,1431,GENERATE,29,10
0.0,1432,GENERATE,29,11
0.0,1433,GENERATE,29,12
0.0,1434,GENERATE,29,13
0.0,1435,GENERATE,29,14
0.0,1436,GENERATE,29,15
0.0,1437,GENERATE,29,16
0.0,1438,GENERATE,29,17
0.0,1439,GENERATE,29,18
0.0,1440,GENERATE,29,19
0.0,1441,GENERATE,29,20
0.0,1442,GENERATE,29,21
0.0,1443,GENERATE,29,22
0.0,1444,GENERATE,29,23
0.0,1445,GENERATE,29,24
0.0,1446,GENERATE,29,25
0.0,1447,GENERATE,29,26
0.0,1448,GENERATE,29,27
0.0,1449,GENERATE,29,28
0.0,1450,GENERATE,29,30
0.0,1451,GENERATE,29,31
0.0,1452,GENERATE,29,32
0.0,1453,GENERATE,29,33
0.0,1454,GENERATE,29,34
0.0,1455,GENERATE,29,35
0.0,1456,GENERATE,29,36
0.0,1457,GENERATE,29,37
0.0,1458,GENERATE,29,38
0.0,1459,GENERATE,29,39
0.0,1460,GENERATE,29,40
0.0,1461,GENERATE,29,41
0.0,1462,GENERATE,29,42
0.0,1463,GENERATE,29,43
0.0,1464,GENERATE,29,44
0.0,1465,GENERATE,29,45
0.0,1466,GENERATE,29,46
0.0,1467,GENERATE,29,47
0.0,1468,GENERATE,29,48
0.0,1469,GENERATE,29,49
0.0,1470,GENERATE,30,0
0.0,1471,GENERATE,30,1
0.0,1472,GENERATE,30,2
0.0,1473,GENERATE,30,3
0.0,1474,GENERATE,30,4
0.0,1475,GENERATE,30,5
0.0,1476,GENERATE,30,6
0.0,1477,GENERATE,30,7
0.0,1478,GENERATE,30,8
0.0,1479,GENERATE,30,9
0.0,1480,GENERATE,30,10
0.0,1481,GENERATE,30,11
0.0,1482,GENERATE,30,12
0.0,1483,GENERATE,30,13
0.0,1484,GENERATE,30,14
0.0,1485,GENERATE,30,15
0.0,1486,GENERATE,30,16
0.0,1487,GENERATE,30,17
0.0,1488,GENERATE,30,18
0.0,1489,GENERATE,30,19
0.0,1490,GENERATE,30,20
0.0,1491,GENERATE,30,21
0.0,1492,GENERATE,30,22
0.0,1493,GENERATE,30,23
0.0,1494,GENERATE,30,24
0.0,1495,GENERATE,30,25
0.0,1496,GENERATE,30,26
0.0,1497,GENERATE,30,27
0.0,1498,GENERATE,30,28
0.0,1499,GENERATE,30,29
0.0,1500,GENERATE,30,31
0.0,1501,GENERATE,30,32
0.0,1502,GENERATE,30,33
0.0,1503,GENERATE,30,34
0.0,1504,GENERATE,30,35
0.0,1505,GENERATE,30,36
0.0,1506,GENERATE,30,37
0.0,1507,GENERATE,30,38
0.0,1508,GENERATE,30,39
0.0,1509,GENERATE,30,40
0.0,1510,GENERATE,30,41
0.0,1511,GENERATE,30,42
0.0,1512,GENERATE,30,43
0.0,1513,GENERATE,30,44
0.0,1514,GENERATE,30,45
0.0,1515,GENERATE,30,46
0.0,1516,GENERATE,30,47
0.0,1517,GENERATE,30,48
0.0,1518,GENERATE,30,49
0.0,1519,GENERATE,31,0
0.0,1520,GENERATE,31,1
0.0,1521,GENERATE,31,2
0.0,1522,GENERATE,31,3
0.0,1523,GENERATE,31,4
0.0,1524,GENERATE,31,5
0.0,1525,GENERATE,31,6
0.0,1526,GENERATE,31,7
0.0,1527,GENERATE,31,8
0.0,1528,GENERATE,31,9
0.0,1529,GENERATE,31,10
0.0,1530,GENERATE,31,11
0.0,1531,GENERATE,31,12
0.0,1532,GENERATE,31,13
0.0,1533,GENERATE,31,14
0.0,1534,GENERATE,31,15
0.0,1535,GENERATE,31,16
0.0,1536,GENERATE,31,17
0.0,1537,GENERATE,31,18
0.0,1538,GENERATE,31,19
0.0,1539,GENERATE,31,20
0.0,1540,GENERATE,31,21
0.0,1541,GENERATE,31,22
0.0,1542,GENERATE,31,23
0.0,1543,GENERATE,31,24
0.0,1544,GENERATE,31,25
0.0,1545,GENERATE,31,26
0.0,1546,GENERATE,31,27
0.0,1547,GENERATE,31,28
0.0,1548,GENERATE,31,29
0.0,1549,GENERATE,31,30
0.0,1550,GENERATE,31,32
0.0,1551,GENERATE,31,33
0.0,1552,GENERATE,31,34
0.0,1553,GENERATE,31,35
0.0,1554,GENERATE,31,36
0.0,1555,GENERATE,31,37
0.0,1556,GENERATE,31,38
0.0,1557,GENERATE,31,39
0.0,1558,GENERATE,31,40
0.0,1559,GENERATE,31,41
0.0,1560,GENERATE,31,42
0.0,1561,GENERATE,31,43
0.0,1562,GENERATE,31,44
0.0,1563,GENERATE,31,45
0.0,1564,GENERATE,31,46
0.0,1565,GENERATE,31,47
0.0,1566,GENERATE,31,48
0.0,1567,GENERATE,31,49
0.0,1568,GENERATE,32,0
0.0,1569,GENERATE,32,1
0.0,1570,GENERATE,32,2
0.0,1571,GENERATE,32,3
0.0,1572,GENERATE,32,4
0.0,1573,GENERATE,32,5
0.0,1574,GENERATE,32,6
0.0,1575,GENERATE,32,7
0.0,1576,GENERATE,32,8
0.0,1577,GENERATE,32,9
0.0,1578,GENERATE,32,10
0.0,1579,GENERATE,32,11
0.0,1580,GENERATE,32,12
0.0,1581,GENERATE,32,13
0.0,1582,GENERATE,32,14
0.0,1583,GENERATE,32,15
0.0,1584,GENERATE,32,16
0.0,1585,GENERATE,32,17
0.0,1586,GENERATE,32,18
0.0,1587,GENERATE,32,19
0.0,1588,GENERATE,32,20
0.0,1589,GENERATE,32,21
0.0,1590,GENERATE,32,22
0.0,1591,GENERATE,32,23
0.0,1592,GENERATE,32,24
0.0,1593,GENERATE,32,25
0.0,1594,GENERATE,32,26
0.0,1595,GENERATE,32,27
0.0,1596,GENERATE,32,28
0.0,1597,GENERATE,32,29
0.0,1598,GENERATE,32,30
0.0,1599,GENERATE,32,31
0.0,1600,GENERATE,32,33
0.0,1601,GENERATE,32,34
0.0,1602,GENERATE,32,35
0.0,1603,GENERATE,32,36
0.0,1604,GENERATE,32,37
0.0,1605,GENERATE,32,38
0.0,1606,GENERATE,32,39
0.0,1607,GENERATE,32,40
0.0,1608,GENERATE,32,41
0.0,1609,GENERATE,32,42
0.0,1610,GENERATE,32,43
0.0,1611,GENERATE,32,44
0.0,1612,GENERATE,32,45
0.0,1613,GENERATE,32,46
0.0,1614,GENERATE,32,47
0.0,1615,GENERATE,32,48
0.0,1616,GENERATE,32,49
0.0,1617,GENERATE,33,0
0.0,1618,GENERATE,33,1
0.0,1619,GENERATE,33,2
0.0,1620,GENERATE,33,3
0.0,1621,GENERATE,33,4
0.0,1622,GENERATE,33,5
0.0,1623,GENERATE,33,6
0.0,1624,GENERATE,33,7
0.0,1625,GENERATE,33,8
0.0,1626,GENERATE,33,9
0.0,1627,GENERATE,33,10
0.0,1628,GENERATE,33,11
0.0,1629,GENERATE,33,12
0.0,1630,GENERATE,33,13
0.0,1631,GENERATE,33,14
0.0,1632,GENERATE,33,15
0.0,1633,GENERATE,33,16
0.0,1634,GENERATE,33,17
0.0,1635,GENERATE,33,18
0.0,1636,GENERATE,33,19
0.0,1637,GENERATE,33,20
0.0,1638,GENERATE,33,21
0.0,1639,GENERATE,33,22
0.0,1640,GENERATE,33,23
0.0,1641,GENERATE,33,24
0.0,1642,GENERATE,33,25
0.0,1643,GENERATE,33,26
0.0,1644,GENERATE,33,27
0.0,1645,GENERATE,33,28
0.0,1646,GENERATE,33,29
0.0,1647,GENERATE,33,30
0.0,1648,GENERATE,33,31
0.0,1649,GENERATE,33,32
0.0,1650,GENERATE,33,34
0.0,1651,GENERATE,33,35
0.0,1652,GENERATE,33,36
0.0,1653,GENERATE,33,37
0.0,1654,GENERATE,33,38
0.0,1655,GENERATE,33,39
0.0,1656,GENERATE,33,40
0.0,1657,GENERATE,33,41
0.0,1658,GENERATE,33,42
0.0,1659,GENERATE,33,43
0.0,1660,GENERATE,33,44
0.0,1661,GENERATE,33,45
0.0,1662,GENERATE,33,46
0.0,1663,GENERATE,33,47
0.0,1664,GENERATE,33,48
0.0,1665,GENERATE,33,49
0.0,1666,GENERATE,34,0
0.0,1667,GENERATE,34,1
0.0,1668,GENERATE,34,2
0.0,1669,GENERATE,34,3
0.0,1670,GENERATE,34,4
0.0,1671,GENERATE,34,5
0.0,1672,GENERATE,34,6
0.0,1673,GENERATE,34,7
0.0,1674,GENERATE,34,8
0.0,1675,GENERATE,34,9
0.0,1676,GENERATE,34,10
0.0,1677,GENERATE,34,11
0.0,1678,GENERATE,34,12
0.0,1679,GENERATE,34,13
0.0,1680,GENERATE,34,14
0.0,1681,GENERATE,34,15
0.0,1682,GENERATE,34,16
0.0,1683,GENERATE,34,17
0.0,1684,GENERATE,34,18
0.0,1685,GENERATE,34,19
0.0,1686,GENERATE,34,20
0.0,1687,GENERATE,34,21
0.0,1688,GENERATE,34,22
0.0,1689,GENERATE,34,23
0.0,1690,GENERATE,34,24
0.0,1691,GENERATE,34,25
0.0,1692,GENERATE,34,26
0.0,1693,GENERATE,34,27
0.0,1694,GENERATE,34,28
0.0,1695,GENERATE,34,29
0.0,1696,GENERATE,34,30
0.0,1697,GENERATE,34,31
0.0,1698,GENERATE,34,32
0.0,1699,GENERATE,34,33
0.0,1700,GENERATE,34,35
0.0,1701,GENERATE,34,36
0.0,1702,GENERATE,34,37
0.0,1703,GENERATE,34,38
0.0,1704,GENERATE,34,39
0.0,1705,GENERATE,34,40
0.0,1706,GENERATE,34,41
0.0,1707,GENERATE,34,42
0.0,1708,GENERATE,34,43
0.0,1709,GENERATE,34,44
0.0,1710,GENERATE,34,45
0.0,1711,GENERATE,34,46
0.0,1712,GENERATE,34,47
0.0,1713,GENERATE,34,48
0.0,1714,GENERATE,34,49
0.0,1715,GENERATE,35,0
0.0,1716,GENERATE,35,1
0.0,1717,GENERATE,35,2
0.0,1718,GENERATE,35,3
0.0,1719,GENERATE,35,4
0.0,1720,GENERATE,35,5
0.0,1721,GENERATE,35,6
0.0,1722,GENERATE,35,7
0.0,1723,GENERATE,35,8
0.0,1724,GENERATE,35,9
0.0,1725,GENERATE,35,10
0.0,1726,GENERATE,35,11
0.0,1727,GENERATE,35,12
0.0,1728,GENERATE,35,13
0.0,1729,GENERATE,35,14
0.0,1730,GENERATE,35,15
0.0,1731,GENERATE,35,16
0.0,1732,GENERATE,35,17
0.0,1733,GENERATE,35,18
0.0,1734,GENERATE,35,19
0.0,1735,GENERATE,35,20
0.0,1736,GENERATE,35,21
0.0,1737,GENERATE,35,22
0.0,1738,GENERATE,35,23
0.0,1739,GENERATE,35,24
0.0,1740,GENERATE,35,25
0.0,1741,GENERATE,35,26
0.0,1742,GENERATE,35,27
0.0,1743,GENERATE,35,28
0.0,1744,GENERATE,35,29
0.0,1745,GENERATE,35,30
0.0,1746,GENERATE,35,31
0.0,1747,GENERATE,35,32
0.0,1748,GENERATE,35,33
0.0,1749,GENERATE,35,34
0.0,1750,GENERATE,35,36
0.0,1751,GENERATE,35,37
0.0,1752,GENERATE,35,38
0.0,1753,GENERATE,35,39
0.0,1754,GENERATE,35,40
0.0,1755,GENERATE,35,41
0.0,1756,GENERATE,35,42
0.0,1757,GENERATE,35,43
0.0,1758,GENERATE,35,44
0.0,1759,GENERATE,35,45
0.0,1760,GENERATE,35,46
0.0,1761,GENERATE,35,47
0.0,1762,GENERATE,35,48
0.0,1763,GENERATE,35,49
0.0,1764,GENERATE,36,0
0.0,1765,GENERATE,36,1
0.0,1766,GENERATE,36,2
0.0,1767,GENERATE,36,3
0.0,1768,GENERATE,36,4
0.0,1769,GENERATE,36,5
0.0,1770,GENERATE,36,6
0.0,1771,GENERATE,36,7
0.0,1772,GENERATE,36,8
0.0,1773,GENERATE,36,9
0.0,1774,GENERATE,36,10
0.0,1775,GENERATE,36,11
0.0,1776,GENERATE,36,12
0.0,1777,GENERATE,36,13
0.0,1778,GENERATE,36,14
0.0,1779,GENERATE,36,15
0.0,1780,GENERATE,36,16
0.0,1781,GENERATE,36,17
0.0,1782,GENERATE,36,18
0.0,1783,GENERATE,36,19
0.0,1784,GENERATE,36,20
0.0,1785,GENERATE,36,21
0.0,1786,GENERATE,36,22
0.0,1787,GENERATE,36,23
0.0,1788,GENERATE,36,24
0.0,1789,GENERATE,36,25
0.0,1790,GENERATE,36,26
0.0,1791,GENERATE,36,27
0.0,1792,GENERATE,36,28
0.0,1793,GENERATE,36,29
0.0,1794,GENERATE,36,30
0.0,1795,GENERATE,36,31
0.0,1796,GENERATE,36,32
0.0,1797,GENERATE,36,33
0.0,1798,GENERATE,36,34
0.0,1799,GENERATE,36,35
0.0,1800,GENERATE,36,37
0.0,1801,GENERATE,36,38
0.0,1802,GENERATE,36,39
0.0,1803,GENERATE,36,40
0.0,1804,GENERATE,36,41
0.0,1805,GENERATE,36,42
0.0,1806,GENERATE,36,43
0.0,1807,GENERATE,36,44
0.0,1808,GENERATE,36,45
0.0,1809,GENERATE,36,46
0.0,1810,GENERATE,36,47
0.0,1811,GENERATE,36,48
0.0,1812,GENERATE,36,49
0.0,1813,GENERATE,37,0
0.0,1814,GENERATE,37,1
0.0,1815,GENERATE,37,2
0.0,1816,GENERATE,37,3
0.0,1817,GENERATE,37,4
0.0,1818,GENERATE,37,5
0.0,1819,GENERATE,37,6
0.0,1820,GENERATE,37,7
0.0,1821,GENERATE,37,8
0.0,1822,GENERATE,37,9
0.0,1823,GENERATE,37,10
0.0,1824,GENERATE,37,11
0.0,1825,GENERATE,37,12
0.0,1826,GENERATE,37,13
0.0,1827,GENERATE,37,14
0.0,1828,GENERATE,37,15
0.0,1829,GENERATE,37,16
0.0,1830,GENERATE,37,17
0.0,1831,GENERATE,37,18
0.0,1832,GENERATE,37,19
0.0,1833,GENERATE,37,20
0.0,1834,GENERATE,37,21
0.0,1835,GENERATE,37,22
0.0,1836,GENERATE,37,23
0.0,1837,GENERATE,37,24
0.0,1838,GENERATE,37,25
0.0,1839,GENERATE,37,26
0.0,1840,GENERATE,37,27
0.0,1841,GENERATE,37,28
0.0,1842,GENERATE,37,29
0.0,1843,GENERATE,37,30
0.0,1844,GENERATE,37,31
0.0,1845,GENERATE,37,32
0.0,1846,GENERATE,37,33
0.0,1847,GENERATE,37,34
0.0,1848,GENERATE,37,35
0.0,1849,GENERATE,37,36
0.0,1850,GENERATE,37,38
0.0,1851,GENERATE,37,39
0.0,1852,GENERATE,37,40
0.0,1853,GENERATE,37,41
0.0,1854,GENERATE,37,42
0.0,1855,GENERATE,37,43
0.0,1856,GENERATE,37,44
0.0,1857,GENERATE,37,45
0.0,1858,GENERATE,37,46
0.0,1859,GENERATE,37,47
0.0,1860,GENERATE,37,48
0.0,1861,GENERATE,37,49
0.0,1862,GENERATE,38,0
0.0,1863,GENERATE,38,1
0.0,1864,GENERATE,38,2
0.0,1865,GENERATE,38,3
0.0,1866,GENERATE,38,4
0.0,1867,GENERATE,38,5
0.0,1868,GENERATE,38,6
0.0,1869,GENERATE,38,7
0.0,1870,GENERATE,38,8
0.0,1871,GENERATE,38,9
0.0,1872,GENERATE,38,10
0.0,1873,GENERATE,38,11
0.0,1874,GENERATE,38,12
0.0,1875,GENERATE,38,13
0.0,1876,GENERATE,38,14
0.0,1877,GENERATE,38,15
0.0,1878,GENERATE,38,16
0.0,1879,GENERATE,38,17
0.0,1880,GENERATE,38,18
0.0,1881,GENERATE,38,19
0.0,1882,GENERATE,38,20
0.0,1883,GENERATE,38,21
0.0,1884,GENERATE,38,22
0.0,1885,GENERATE,38,23
0.0,1886,GENERATE,38,24
0.0,1887,GENERATE,38,25
0.0,1888,GENERATE,38,26
0.0,1889,GENERATE,38,27
0.0,1890,GENERATE,38,28
0.0,1891,GENERATE,38,29
0.0,1892,GENERATE,38,30
0.0,1893,GENERATE,38,31
0.0,1894,GENERATE,38,32
0.0,1895,GENERATE,38,33
0.0,1896,GENERATE,38,34
0.0,1897,GENERATE,38,35
0.0,1898,GENERATE,38,36
0.0,1899,GENERATE,38,37
0.0,1900,GENERATE,38,39
0.0,1901,GENERATE,38,40
0.0,1902,GENERATE,38,41
0.0,1903,GENERATE,38,42
0.0,1904,GENERATE,38,43
0.0,1905,GENERATE,38,44
0.0,1906,GENERATE,38,45
0.0,1907,GENERATE,38,46
0.0,1908,GENERATE,38,47
0.0,1909,GENERATE,38,48
0.0,1910,GENERATE,38,49
0.0,1911,GENERATE,39,0
0.0,1912,GENERATE,39,1
0.0,1913,GENERATE,39,2
0.0,1914,GENERATE,39,3
0.0,1915,GENERATE,39,4
0.0,1916,GENERATE,39,5
0.0,1917,GENERATE,39,6
0.0,1918,GENERATE,39,7
0.0,1919,GENERATE,39,8
0.0,1920,GENERATE,39,9
0.0,1921,GENERATE,39,10
0.0,1922,GENERATE,39,11
0.0,1923,GENERATE,39,12
0.0,1924,GENERATE,39,13
0.0,1925,GENERATE,39,14
0.0,1926,GENERATE,39,15
0.0,1927,GENERATE,39,16
0.0,1928,GENERATE,39,17
0.0,1929,GENERATE,39,18
0.0,1930,GENERATE,39,19
0.0,1931,GENERATE,39,20
0.0,1932,GENERATE,39,21
0.0,1933,GENERATE,39,22
0.0,1934,GENERATE,39,23
0.0,1935,GENERATE,39,24
0.0,1936,GENERATE,39,25
0.0,1937,GENERATE,39,26
0.0,1938,GENERATE,39,27
0.0,1939,GENERATE,39,28
0.0,1940,GENERATE,39,29
0.0,1941,GENERATE,39,30
0.0,1942,GENERATE,39,31
0.0,1943,GENERATE,39,32
0.0,1944,GENERATE,39,33
0.0,1945,GENERATE,39,34
0.0,1946,GENERATE,39,35
0.0,1947,GENERATE,39,36
0.0,1948,GENERATE,39,37
0.0,1949,GENERATE,39,38
0.0,1950,GENERATE,39,40
0.0,1951,GENERATE,39,41
0.0,1952,GENERATE,39,42
0.0,1953,GENERATE,39,43
0.0,1954,GENERATE,39,44
0.0,1955,GENERATE,39,45
0.0,1956,GENERATE,39,46
0.0,1957,GENERATE,39,47
0.0,1958,GENERATE,39,48
0.0,1959,GENERATE,39,49
0.0,1960,GENERATE,40,0
0.0,1961,GENERATE,40,1
0.0,1962,GENERATE,40,2
0.0,1963,GENERATE,40,3
0.0,1964,GENERATE,40,4
0.0,1965,GENERATE,40,5
0.0,1966,GENERATE,40,6
0.0,1967,GENERATE,40,7
0.0,1968,GENERATE,40,8
0.0,1969,GENERATE,40,9
0.0,1970,GENERATE,40,10
0.0,1971,GENERATE,40,11
0.0,1972,GENERATE,40,12
0.0,1973,GENERATE,40,13
0.0,1974,GENERATE,40,14
0.0,1975,GENERATE,40,15
0.0,1976,GENERATE,40,16
0.0,1977,GENERATE,40,17
0.0,1978,GENERATE,40,18
0.0,1979,GENERATE,40,19
0.0,1980,GENERATE,40,20
0.0,1981,GENERATE,40,21
0.0,1982,GENERATE,40,22
0.0,1983,GENERATE,40,23
0.0,1984,GENERATE,40,24
0.0,1985,GENERATE,40,25
0.0,1986,GENERATE,40,26
0.0,1987,GENERATE,40,27
0.0,1988,GENERATE,40,28
0.0,1989,GENERATE,40,29
0.0,1990,GENERATE,40,30
0.0,1991,GENERATE,40,31
0.0,1992,GENERATE,40,32
0.0,1993,GENERATE,40,33
0.0,1994,GENERATE,40,34
0.0,1995,GENERATE,40,35
0.0,1996,GENERATE,40,36
0.0,1997,GENERATE,40,37
0.0,1998,GENERATE,40,38
0.0,1999,GENERATE,40,39
0.0,2000,GENERATE,40,41
0.0,2001,GENERATE,40,42
0.0,2002,GENERATE,40,43
0.0,2003,GENERATE,40,44
0.0,2004,GENERATE,40,45
0.0,2005,GENERATE,40,46
0.0,2006,GENERATE,40,47
0.0,2007,GENERATE,40,48
0.0,2008,GENERATE,40,49
0.0,2009,GENERATE,41,0
0.0,2010,GENERATE,41,1
0.0,2011,GENERATE,41,2
0.0,2012,GENERATE,41,3
0.0,2013,GENERATE,41,4
0.0,2014,GENERATE,41,5
0.0,2015,GENERATE,41,6
0.0,2016,GENERATE,41,7
0.0,2017,GENERATE,41,8
0.0,2018,GENERATE,41,9
0.0,2019,GENERATE,41,10
0.0,2020,GENERATE,41,11
0.0,2021,GENERATE,41,12
0.0,2022,GENERATE,41,13
0.0,2023,GENERATE,41,14
0.0,2024,GENERATE,41,15
0.0,2025,GENERATE,41,16
0.0,2026,GENERATE,41,17
0.0,2027,GENERATE,41,18
0.0,2028,GENERATE,41,19
0.0,2029,GENERATE,41,20
0.0,2030,GENERATE,41,21
0.0,2031,GENERATE,41,22
0.0,2032,GENERATE,41,23
0.0,2033,GENERATE,41,24
0.0,2034,GENERATE,41,25
0.0,2035,GENERATE,41,26
0.0,2036,GENERATE,41,27
0.0,2037,GENERATE,41,28
0.0,2038,GENERATE,41,29
0.0,2039,GENERATE,41,30
0.0,2040,GENERATE,41,31
0.0,2041,GENERATE,41,32
0.0,2042,GENERATE,41,33
0.0,2043,GENERATE,41,34
0.0,2044,GENERATE,41,35
0.0,2045,GENERATE,41,36
0.0,2046,GENERATE,41,37
0.0,2047,GENERATE,41,38
0.0,2048,GENERATE,41,39
0.0,2049,GENERATE,41,40
0.0,2050,GENERATE,41,42
0.0,2051,GENERATE,41,43
0.0,2052,GENERATE,41,44
0.0,2053,GENERATE,41,45
0.0,2054,GENERATE,41,46
0.0,2055,GENERATE,41,47
0.0,2056,GENERATE,41,48
0.0,2057,GENERATE,41,49
0.0,2058,GENERATE,42,0
0.0,2059,GENERATE,42,1
0.0,2060,GENERATE,42,2
0.0,2061,GENERATE,42,3
0.0,2062,GENERATE,42,4
0.0,2063,GENERATE,42,5
0.0,2064,GENERATE,42,6
0.0,2065,GENERATE,42,7
0.0,2066,GENERATE,42,8
0.0,2067,GENERATE,42,9
0.0,2068,GENERATE,42,10
0.0,2069,GENERATE,42,11
0.0,2070,GENERATE,42,12
0.0,2071,GENERATE,42,13
0.0,2072,GENERATE,42,14
0.0,2073,GENERATE,42,15
0.0,2074,GENERATE,42,16
0.0,2075,GENERATE,42,17
0.0,2076,GENERATE,42,18
0.0,2077,GENERATE,42,19
0.0,2078,GENERATE,42,20
0.0,2079,GENERATE,42,21
0.0,2080,GENERATE,42,22
0.0,2081,GENERATE,42,23
0.0,2082,GENERATE,42,24
0.0,2083,GENERATE,42,25
0.0,2084,GENERATE,42,26
0.0,2085,GENERATE,42,27
0.0,2086,GENERATE,42,28
0.0,2087,GENERATE,42,29
0.0,2088,GENERATE,42,30
0.0,2089,GENERATE,42,31
0.0,2090,GENERATE,42,32
0.0,2091,GENERATE,42,33
0.0,2092,GENERATE,42,34
0.0,2093,GENERATE,42,35
0.0,2094,GENERATE,42,36
0.0,2095,GENERATE,42,37
0.0,2096,GENERATE,42,38
0.0,2097,GENERATE,42,39
0.0,2098,GENERATE,42,40
0.0,2099,GENERATE,42,41
0.0,2100,GENERATE,42,43
0.0,2101,GENERATE,42,44
0.0,2102,GENERATE,42,45
0.0,2103,GENERATE,42,46
0.0,2104,GENERATE,42,47
0.0,2105,GENERATE,42,48
0.0,2106,GENERATE,42,49
0.0,2107,GENERATE,43,0
0.0,2108,GENERATE,43,1
0.0,2109,GENERATE,43,2
0.0,2110,GENERATE,43,3
0.0,2111,GENERATE,43,4
0.0,2112,GENERATE,43,5
0.0,2113,GENERATE,43,6
0.0,2114,GENERATE,43,7
0.0,2115,GENERATE,43,8
0.0,2116,GENERATE,43,9
0.0,2117,GENERATE,43,10
0.0,2118,GENERATE,43,11
0.0,2119,GENERATE,43,12
0.0,2120,GENERATE,43,13
0.0,2121,GENERATE,43,14
0.0,2122,GENERATE,43,15
0.0,2123,GENERATE,43,16
0.0,2124,GENERATE,43,17
0.0,2125,GENERATE,43,18
0.0,2126,GENERATE,43,19
0.0,2127,GENERATE,43,20
0.0,2128,GENERATE,43,21
0.0,2129,GENERATE,43,22
0.0,2130,GENERATE,43,23
0.0,2131,GENERATE,43,24
0.0,2132,GENERATE,43,25
0.0,2133,GENERATE,43,26
0.0,2134,GENERATE,43,27
0.0,2135,GENERATE,43,28
0.0,2136,GENERATE,43,29
0.0,2137,GENERATE,43,30
0.0,2138,GENERATE,43,31
0.0,2139,GENERATE,43,32
0.0,2140,GENERATE,43,33
0.0,2141,GENERATE,43,34
0.0,2142,GENERATE,43,35
0.0,2143,GENERATE,43,36
0.0,2144,GENERATE,43,37
0.0,2145,GENERATE,43,38
0.0,2146,GENERATE,43,39
0.0,2147,GENERATE,43,40
0.0,2148,GENERATE,43,41
0.0,2149,GENERATE,43,42
0.0,2150,GENERATE,43,44
0.0,2151,GENERATE,43,45
0.0,2152,GENERATE,43,46
0.0,2153,GENERATE,43,47
0.0,2154,GENERATE,43,48
0.0,2155,GENERATE,43,49
0.0,2156,GENERATE,44,0
0.0,2157,GENERATE,44,1
0.0,2158,GENERATE,44,2
0.0,2159,GENERATE,44,3
0.0,2160,GENERATE,44,4
0.0,2161,GENERATE,44,5
0.0,2162,GENERATE,44,6
0.0,2163,GENERATE,44,7
0.0,2164,GENERATE,44,8
0.0,2165,GENERATE,44,9
0.0,2166,GENERATE,44,10
0.0,2167,GENERATE,44,11
0.0,2168,GENERATE,44,12
0.0,2169,GENERATE,44,13
0.0,2170,GENERATE,44,14
0.0,2171,GENERATE,44,15
0.0,2172,GENERATE,44,16
0.0,2173,GENERATE,44,17
0.0,2174,GENERATE,44,18
0.0,2175,GENERATE,44,19
0.0,2176,GENERATE,44,20
0.0,2177,GENERATE,44,21
0.0,2178,GENERATE,44,22
0.0,2179,GENERATE,44,23
0.0,2180,GENERATE,44,24
0.0,2181,GENERATE,44,25
0.0,2182,GENERATE,44,26
0.0,2183,GENERATE,44,27
0.0,2184,GENERATE,44,28
0.0,2185,GENERATE,44,29
0.0,2186,GENERATE,44,30
0.0,2187,GENERATE,44,31
0.0,2188,GENERATE,44,32
0.0,2189,GENERATE,44,33
0.0,2190,GENERATE,44,34
0.0,2191,GENERATE,44,35
0.0,2192,GENERATE,44,36
0.0,2193,GENERATE,44,37
0.0,2194,GENERATE,44,38
0.0,2195,GENERATE,44,39
0.0,2196,GENERATE,44,40
0.0,2197,GENERATE,44,41
0.0,2198,GENERATE,44,42
0.0,2199,GENERATE,44,43
0.0,2200,GENERATE,44,45
0.0,2201,GENERATE,44,46
0.0,2202,GENERATE,44,47
0.0,2203,GENERATE,44,48
0.0,2204,GENERATE,44,49
0.0,2205,GENERATE,45,0
0.0,2206,GENERATE,45,1
0.0,2207,GENERATE,45,2
0.0,2208,GENERATE,45,3
0.0,2209,GENERATE,45,4
0.0,2210,GENERATE,45,5
0.0,2211,GENERATE,45,6
0.0,2212,GENERATE,45,7
0.0,2213,GENERATE,45,8
0.0,2214,GENERATE,45,9
0.0,2215,GENERATE,45,10
0.0,2216,GENERATE,45,11
0.0,2217,GENERATE,45,12
0.0,2218,GENERATE,45,13
0.0,2219,GENERATE,45,14
0.0,2220,GENERATE,45,15
0.0,2221,GENERATE,45,16
0.0,2222,GENERATE,45,17
0.0,2223,GENERATE,45,18
0.0,2224,GENERATE,45,19
0.0,2225,GENERATE,45,20
0.0,2226,GENERATE,45,21
0.0,2227,GENERATE,45,22
0.0,2228,GENERATE,45,23
0.0,2229,GENERATE,45,24
0.0,2230,GENERATE,45,25
0.0,2231,GENERATE,45,26
0.0,2232,GENERATE,45,27
0.0,2233,GENERATE,45,28
0.0,2234,GENERATE,45,29
0.0,2235,GENERATE,45,30
0.0,2236,GENERATE,45,31
0.0,2237,GENERATE,45,32
0.0,2238,GENERATE,45,33
0.0,2239,GENERATE,45,34
0.0,2240,GENERATE,45,35
0.0,2241,GENERATE,45,36
0.0,2242,GENERATE,45,37
0.0,2243,GENERATE,45,38
0.0,2244,GENERATE,45,39
0.0,2245,GENERATE,45,40
0.0,2246,GENERATE,45,41
0.0,2247,GENERATE,45,42
0.0,2248,GENERATE,45,43
0.0,2249,GENERATE,45,44
0.0,2250,GENERATE,45,46
0.0,2251,GENERATE,45,47
0.0,2252,GENERATE,45,48
0.0,2253,GENERATE,45,49
0.0,2254,GENERATE,46,0
0.0,2255,GENERATE,46,1
0.0,2256,GENERATE,46,2
0.0,2257,GENERATE,46,3
0.0,2258,GENERATE,46,4
0.0,2259,GENERATE,46,5
0.0,2260,GENERATE,46,6
0.0,2261,GENERATE,46,7
0.0,2262,GENERATE,46,8
0.0,2263,GENERATE,46,9
0.0,2264,GENERATE,46,10
0.0,2265,GENERATE,46,11
0.0,2266,GENERATE,46,12
0.0,2267,GENERATE,46,13
0.0,2268,GENERATE,46,14
0.0,2269,GENERATE,46,15
0.0,2270,GENERATE,46,16
0.0,2271,GENERATE,46,17
0.0,2272,GENERATE,46,18
0.0,2273,GENERATE,46,19
0.0,2274,GENERATE,46,20
0.0,2275,GENERATE,46,21
0.0,2276,GENERATE,46,22
0.0,2277,GENERATE,46,23
0.0,2278,GENERATE,46,24
0.0,2279,GENERATE,46,25
0.0,2280,GENERATE,46,26
0.0,2281,GENERATE,46,27
0.0,2282,GENERATE,46,28
0.0,2283,GENERATE,46,29
0.0,2284,GENERATE,46,30
0.0,2285,GENERATE,46,31
0.0,2286,GENERATE,46,32
0.0,2287,GENERATE,46,33
0.0,2288,GENERATE,46,34
0.0,2289,GENERATE,46,35
0.0,2290,GENERATE,46,36
0.0,2291,GENERATE,46,37
0.0,2292,GENERATE,46,38
0.0,2293,GENERATE,46,39
0.0,2294,GENERATE,46,40
0.0,2295,GENERATE,46,41
0.0,2296,GENERATE,46,42
0.0,2297,GENERATE,46,43
0.0,2298,GENERATE,46,44
0.0,2299,GENERATE,46,45
0.0,2300,GENERATE,46,47
0.0,2301,GENERATE,46,48
0.0,2302,GENERATE,46,49
0.0,2303,GENERATE,47,0
0.0,2304,GENERATE,47,1
0.0,2305,GENERATE,47,2
0.0,2306,GENERATE,47,3
0.0,2307,GENERATE,47,4
0.0,2308,GENERATE,47,5
0.0,2309,GENERATE,47,6
0.0,2310,GENERATE,47,7
0.0,2311,GENERATE,47,8
0.0,2312,GENERATE,47,9
0.0,2313,GENERATE,47,10
0.0,2314,GENERATE,47,11
0.0,2315,GENERATE,47,12
0.0,2316,GENERATE,47,13
0.0,2317,GENERATE,47,14
0.0,2318,GENERATE,47,15
0.0,2319,GENERATE,47,16
0.0,2320,GENERATE,47,17
0.0,2321,GENERATE,47,18
0.0,2322,GENERATE,47,19
0.0,2323,GENERATE,47,20
0.0,2324,GENERATE,47,21
0.0,2325,GENERATE,47,22
0.0,2326,GENERATE,47,23
0.0,2327,GENERATE,47,24
0.0,2328,GENERATE,47,25
0.0,2329,GENERATE,47,26
0.0,2330,GENERATE,47,27
0.0,2331,GENERATE,47,28
0.0,2332,GENERATE,47,29
0.0,2333,GENERATE,47,30
0.0,2334,GENERATE,47,31
0.0,2335,GENERATE,47,32
0.0,2336,GENERATE,47,33
0.0,2337,GENERATE,47,34
0.0,2338,GENERATE,47,35
0.0,2339,GENERATE,47,36
0.0,2340,GENERATE,47,37
0.0,2341,GENERATE,47,38
0.0,2342,GENERATE,47,39
0.0,2343,GENERATE,47,40
0.0,2344,GENERATE,47,41
0.0,2345,GENERATE,47,42
0.0,2346,GENERATE,47,43
0.0,2347,GENERATE,47,44
0.0,2348,GENERATE,47,45
0.0,2349,GENERATE,47,46
0.0,2350,GENERATE,47,48
0.0,2351,GENERATE,47,49
0.0,2352,GENERATE,48,0
0.0,2353,GENERATE,48,1
0.0,2354,GENERATE,48,2
0.0,2355,GENERATE,48,3
0.0,2356,GENERATE,48,4
0.0,2357,GENERATE,48,5
0.0,2358,GENERATE,48,6
0.0,2359,GENERATE,48,7
0.0,2360,GENERATE,48,8
0.0,2361,GENERATE,48,9
0.0,2362,GENERATE,48,10
0.0,2363,GENERATE,48,11
0.0,2364,GENERATE,48,12
0.0,2365,GENERATE,48,13
0.0,2366,GENERATE,48,14
0.0,2367,GENERATE,48,15
0.0,2368,GENERATE,48,16
0.0,2369,GENERATE,48,17
0.0,2370,GENERATE,48,18
0.0,2371,GENERATE,48,19
0.0,2372,GENERATE,48,20
0.0,2373,GENERATE,48,21
0.0,2374,GENERATE,48,22
0.0,2375,GENERATE,48,23
0.0,2376,GENERATE,48,24
0.0,2377,GENERATE,48,25
0.0,2378,GENERATE,48,26
0.0,2379,GENERATE,48,27
0.0,2380,GENERATE,48,28
0.0,2381,GENERATE,48,29
0.0,2382,GENERATE,48,30
0.0,2383,GENERATE,48,31
0.0,2384,GENERATE,48,32
0.0,2385,GENERATE,48,33
0.0,2386,GENERATE,48,34
0.0,2387,GENERATE,48,35
0.0,2388,GENERATE,48,36
0.0,2389,GENERATE,48,37
0.0,2390,GENERATE,48,38
0.0,2391,GENERATE,48,39
0.0,2392,GENERATE,48,40
0.0,2393,GENERATE,48,41
0.0,2394,GENERATE,48,42
0.0,2395,GENERATE,48,43
0.0,2396,GENERATE,48,44
0.0,2397,GENERATE,48,45
0.0,2398,GENERATE,48,46
0.0,2399,GENERATE,48,47
0.0,2400,GENERATE,48,49
0.0,2401,GENERATE,49,0
0.0,2402,GENERATE,49,1
0.0,2403,GENERATE,49,2
0.0,2404,GENERATE,49,3
0.0,2405,GENERATE,49,4
0.0,2406,GENERATE,49,5
0.0,2407,GENERATE,49,6
0.0,2408,GENERATE,49,7
0.0,2409,GENERATE,49,8
0.0,2410,GENERATE,49,9
0.0,2411,GENERATE,49,10
0.0,2412,GENERATE,49,11
0.0,2413,GENERATE,49,12
0.0,2414,GENERATE,49,13
0.0,2415,GENERATE,49,14
0.0,2416,GENERATE,49,15
0.0,2417,GENERATE,49,16
0.0,2418,GENERATE,49,17
0.0,2419,GENERATE,49,18
0.0,2420,GENERATE,49,19
0.0,2421,GENERATE,49,20
0.0,2422,GENERATE,49,21
0.0,2423,GENERATE,49,22
0.0,2424,GENERATE,49,23
0.0,2425,GENERATE,49,24
0.0,2426,GENERATE,49,25
0.0,2427,GENERATE,49,26
0.0,2428,GENERATE,49,27
0.0,2429,GENERATE,49,28
0.0,2430,GENERATE,49,29
0.0,2431,GENERATE,49,30
0.0,2432,GENERATE,49,31
0.0,2433,GENERATE,49,32
0.0,2434,GENERATE,49,33
0.0,2435,GENERATE,49,34
0.0,2436,GENERATE,49,35
0.0,2437,GENERATE,49,36
0.0,2438,GENERATE,49,37
0.0,2439,GENERATE,49,38
0.0,2440,GENERATE,49,39
0.0,2441,GENERATE,49,40
0.0,2442,GENERATE,49,41
0.0,2443,GENERATE,49,42
0.0,2444,GENERATE,49,43
0.0,2445,GENERATE,49,44
0.0,2446,GENERATE,49,45
0.0,2447,GENERATE,49,46
0.0,2448,GENERATE,49,47
0.0,2449,GENERATE,49,48
9.678899974238313,431,TRANSMIT,8,40
9.678899974238313,431,ARRIVAL,,
9.678899974238313,1968,TRANSMIT,40,8
9.678899974238313,1968,ARRIVAL,,
26.009671234343525,216,TRANSMIT,4,21
26.009671234343525,216,ARRIVAL,,
26.009671234343525,1033,TRANSMIT,21,4
26.009671234343525,1033,ARRIVAL,,
69.87508168273118,863,TRANSMIT,17,31
69.87508168273118,863,ARRIVAL,,
69.87508168273118,1536,TRANSMIT,31,17
69.87508168273118,1536,ARRIVAL,,
84.76753315089611,864,TRANSMIT,17,32
84.76753315089611,864,ARRIVAL,,
84.76753315089611,1585,TRANSMIT,32,17
84.76753315089611,1585,ARRIVAL,,
92.85505415772792,675,TRANSMIT,13,39
92.85505415772792,675,ARRIVAL,,
92.85505415772792,1924,TRANSMIT,39,13
92.85505415772792,1924,ARRIVAL,,
94.26934103757567,86,TRANSMIT,1,38
94.26934103757567,86,ARRIVAL,,
94.26934103757567,1863,TRANSMIT,38,1
94.26934103757567,1863,ARRIVAL,,
95.24472244605192,1610,TRANSMIT,32,43
95.24472244605192,1610,ARRIVAL,,
95.24472244605192,2139,TRANSMIT,43,32
95.24472244605192,2139,ARRIVAL,,
111.66708877852261,1411,TRANSMIT,28,40
111.66708877852261,1411,ARRIVAL,,
111.66708877852261,1988,TRANSMIT,40,28
111.66708877852261,1988,ARRIVAL,,
113.31033654299608,358,TRANSMIT,7,16
113.31033654299608,358,ARRIVAL,,
113.31033654299608,791,TRANSMIT,16,7
113.31033654299608,791,ARRIVAL,,
114.61856965894978,750,TRANSMIT,15,16
114.61856965894978,750,ARRIVAL,,
114.61856965894978,799,TRANSMIT,16,15
114.61856965894978,799,ARRIVAL,,
130.36200916202247,677,TRANSMIT,13,41
130.36200916202247,677,ARRIVAL,,
130.36200916202247,2022,TRANSMIT,41,13
130.36200916202247,2022,ARRIVAL,,
133.44540393116495,723,TRANSMIT,14,38
133.44540393116495,723,ARRIVAL,,
133.44540393116495,1876,TRANSMIT,38,14
133.44540393116495,1876,ARRIVAL,,
145.27585250295718,672,TRANSMIT,13,36
145.27585250295718,672,ARRIVAL,,
145.27585250295718,1777,TRANSMIT,36,13
145.27585250295718,1777,ARRIVAL,,
166.33458223685946,684,TRANSMIT,13,48
166.33458223685946,684,ARRIVAL,,
166.33458223685946,2365,TRANSMIT,48,13
166.33458223685946,2365,ARRIVAL,,
168.72689839563006,1203,TRANSMIT,24,28
168.72689839563006,1203,ARRIVAL,,
168.72689839563006,1396,TRANSMIT,28,24
168.72689839563006,1396,ARRIVAL,,
172.87270301022897,59,TRANSMIT,1,11
172.87270301022897,59,ARRIVAL,,
172.87270301022897,540,TRANSMIT,11,1
172.87270301022897,540,ARRIVAL,,
191.41596065863283,1518,TRANSMIT,30,49
191.41596065863283,1518,ARRIVAL,,
191.41596065863283,2431,TRANSMIT,49,30
191.41596065863283,2431,ARRIVAL,,
231.57943425358647,216,TRANSMIT,4,21
231.57943425358647,1033,TRANSMIT,21,4
245.83117630797685,1554,TRANSMIT,31,36
245.83117630797685,1554,ARRIVAL,,
245.83117630797685,1795,TRANSMIT,36,31
245.83117630797685,1795,ARRIVAL,,
258.7875811342558,1260,TRANSMIT,25,36
258.7875811342558,1260,ARRIVAL,,
258.7875811342558,1789,TRANSMIT,36,25
258.7875811342558,1789,ARRIVAL,,
268.9415919877322,1451,TRANSMIT,29,31
268.9415919877322,1451,ARRIVAL,,
268.9415919877322,1548,TRANSMIT,31,29
268.9415919877322,1548,ARRIVAL,,
277.7179046938951,176,TRANSMIT,3,30
277.7179046938951,176,ARRIVAL,,
277.7179046938951,1473,TRANSMIT,30,3
277.7179046938951,1473,ARRIVAL,,
278.6851833484879,832,TRANSMIT,16,49
278.6851833484879,832,ARRIVAL,,
278.6851833484879,2417,TRANSMIT,49,16
278.6851833484879,2417,ARRIVAL,,
279.5379018894358,1308,TRANSMIT,26,35
279.5379018894358,1308,ARRIVAL,,
279.5379018894358,1741,TRANSMIT,35,26
279.5379018894358,1741,ARRIVAL,,
282.43472765047096,1210,TRANSMIT,24,35
282.43472765047096,1210,ARRIVAL,,
282.43472765047096,1739,TRANSMIT,35,24
282.43472765047096,1739,ARRIVAL,,
295.88163161459784,201,TRANSMIT,4,6
295.88163161459784,201,ARRIVAL,,
295.88163161459784,298,TRANSMIT,6,4
295.88163161459784,298,ARRIVAL,,
320.8617351796525,1807,TRANSMIT,36,44
320.8617351796525,1807,ARRIVAL,,
320.8617351796525,2192,TRANSMIT,44,36
320.8617351796525,2192,ARRIVAL,,
325.92579440061326,601,TRANSMIT,12,14
325.92579440061326,601,ARRIVAL,,
325.92579440061326,698,TRANSMIT,14,12
325.92579440061326,698,ARRIVAL,,
331.9181772143257,194,TRANSMIT,3,48
331.9181772143257,194,ARRIVAL,,
331.9181772143257,2355,TRANSMIT,48,3
331.9181772143257,2355,ARRIVAL,,
334.21394784923154,433,TRANSMIT,8,42
334.21394784923154,433,ARRIVAL,,
334.21394784923154,2066,TRANSMIT,42,8
334.21394784923154,2066,ARRIVAL,,
349.00916209231553,1706,TRANSMIT,34,41
349.00916209231553,1706,ARRIVAL,,
349.00916209231553,2043,TRANSMIT,41,34
349.00916209231553,2043,ARRIVAL,,
349.6187624154507,685,TRANSMIT,13,49
349.6187624154507,685,ARRIVAL,,
349.6187624154507,2414,TRANSMIT,49,13
349.6187624154507,2414,ARRIVAL,,
355.24119331890273,7,TRANSMIT,0,8
355.24119331890273,7,ARRIVAL,,
355.24119331890273,392,TRANSMIT,8,0
355.24119331890273,392,ARRIVAL,,
357.6872051243489,461,TRANSMIT,9,21
357.6872051243489,461,ARRIVAL,,
357.6872051243489,1038,TRANSMIT,21,9
357.6872051243489,1038,ARRIVAL,,
368.18622321818884,1655,TRANSMIT,33,39
368.18622321818884,1655,ARRIVAL,,
368.18622321818884,1944,TRANSMIT,39,33
368.18622321818884,1944,ARRIVAL,,
371.87557819494776,3,TRANSMIT,0,4
371.87557819494776,3,ARRIVAL,,
371.87557819494776,196,TRANSMIT,4,0
371.87557819494776,196,ARRIVAL,,
372.93323667147877,36,TRANSMIT,0,37
372.93323667147877,36,ARRIVAL,,
372.93323667147877,1813,TRANSMIT,37,0
372.93323667147877,1813,ARRIVAL,,
374.96046784578016,1212,TRANSMIT,24,37
374.96046784578016,1212,ARRIVAL,,
374.96046784578016,1837,TRANSMIT,37,24
374.96046784578016,1837,ARRIVAL,,
381.61231227683317,205,TRANSMIT,4,10
381.61231227683317,205,ARRIVAL,,
381.61231227683317,494,TRANSMIT,10,4
381.61231227683317,494,ARRIVAL,,
386.4190056941383,1369,TRANSMIT,27,47
386.4190056941383,1369,ARRIVAL,,
386.4190056941383,2330,TRANSMIT,47,27
386.4190056941383,2330,ARRIVAL,,
396.85688899750295,1271,TRANSMIT,25,47
396.85688899750295,1271,ARRIVAL,,
396.85688899750295,2328,TRANSMIT,47,25
396.85688899750295,2328,ARRIVAL,,
398.2409569650625,1706,TRANSMIT,34,41
398.2409569650625,2043,TRANSMIT,41,34
399.76292523939145,755,TRANSMIT,15,21
399.76292523939145,755,ARRIVAL,,
399.76292523939145,1044,TRANSMIT,21,15
399.76292523939145,1044,ARRIVAL,,
426.1278757974621,578,TRANSMIT,11,40
426.1278757974621,578,ARRIVAL,,
426.1278757974621,1971,TRANSMIT,40,11
426.1278757974621,1971,ARRIVAL,,
438.5129657728868,322,TRANSMIT,6,29
438.5129657728868,322,ARRIVAL,,
438.5129657728868,1427,TRANSMIT,29,6
438.5129657728868,1427,ARRIVAL,,
439.5559324294122,415,TRANSMIT,8,24
439.5559324294122,415,ARRIVAL,,
439.5559324294122,1184,TRANSMIT,24,8
439.5559324294122,1184,ARRIVAL,,
453.11479573379654,435,TRANSMIT,8,44
453.11479573379654,435,ARRIVAL,,
453.11479573379654,2164,TRANSMIT,44,8
453.11479573379654,2164,ARRIVAL,,
459.3991945147774,905,TRANSMIT,18,24
459.3991945147774,905,ARRIVAL,,
459.3991945147774,1194,TRANSMIT,24,18
459.3991945147774,1194,ARRIVAL,,
460.0515775434193,8,TRANSMIT,0,9
460.0515775434193,8,ARRIVAL,,
460.0515775434193,441,TRANSMIT,9,0
460.0515775434193,441,ARRIVAL,,
465.9665646695993,93,TRANSMIT,1,45
465.9665646695993,93,ARRIVAL,,
465.9665646695993,2206,TRANSMIT,45,1
465.9665646695993,2206,ARRIVAL,,
483.6304258826975,779,TRANSMIT,15,45
483.6304258826975,779,ARRIVAL,,
483.6304258826975,2220,TRANSMIT,45,15
483.6304258826975,2220,ARRIVAL,,
494.31021325854954,577,TRANSMIT,11,39
494.31021325854954,577,ARRIVAL,,
494.31021325854954,1922,TRANSMIT,39,11
494.31021325854954,1922,ARRIVAL,,
498.983286421365,30,TRANSMIT,0,31
498.983286421365,30,ARRIVAL,,
498.983286421365,1519,TRANSMIT,31,0
498.983286421365,1519,ARRIVAL,,
502.6077662834107,136,TRANSMIT,2,39
502.6077662834107,136,ARRIVAL,,
502.6077662834107,1913,TRANSMIT,39,2
502.6077662834107,1913,ARRIVAL,,
508.39594240821884,1856,TRANSMIT,37,44
508.39594240821884,1856,ARRIVAL,,
508.39594240821884,2193,TRANSMIT,44,37
508.39594240821884,2193,ARRIVAL,,
533.410057319429,2302,TRANSMIT,46,49
533.410057319429,2302,ARRIVAL,,
533.410057319429,2447,TRANSMIT,49,46
533.410057319429,2447,ARRIVAL,,
539.8774189469926,951,TRANSMIT,19,21
539.8774189469926,951,ARRIVAL,,
539.8774189469926,1048,TRANSMIT,21,19
539.8774189469926,1048,ARRIVAL,,
548.2768588167061,1810,TRANSMIT,36,47
548.2768588167061,1810,ARRIVAL,,
548.2768588167061,2339,TRANSMIT,47,36
548.2768588167061,2339,ARRIVAL,,
549.5388731363047,350,TRANSMIT,7,8
549.5388731363047,350,ARRIVAL,,
549.5388731363047,399,TRANSMIT,8,7
549.5388731363047,399,ARRIVAL,,
551.9362357692606,583,TRANSMIT,11,45
551.9362357692606,583,ARRIVAL,,
551.9362357692606,2216,TRANSMIT,45,11
551.9362357692606,2216,ARRIVAL,,
557.9942770125882,460,TRANSMIT,9,20
557.9942770125882,460,ARRIVAL,,
557.9942770125882,989,TRANSMIT,20,9
557.9942770125882,989,ARRIVAL,,
570.2981394821688,1468,TRANSMIT,29,48
570.2981394821688,1468,ARRIVAL,,
570.2981394821688,2381,TRANSMIT,48,29
570.2981394821688,2381,ARRIVAL,,
574.8461633530305,220,TRANSMIT,4,25
574.8461633530305,220,ARRIVAL,,
574.8461633530305,1229,TRANSMIT,25,4
574.8461633530305,1229,ARRIVAL,,
576.1872176553944,1365,TRANSMIT,27,43
576.1872176553944,1365,ARRIVAL,,
576.1872176553944,2134,TRANSMIT,43,27
576.1872176553944,2134,ARRIVAL,,
579.1712876448796,24,TRANSMIT,0,25
579.1712876448796,24,ARRIVAL,,
579.1712876448796,1225,TRANSMIT,25,0
579.1712876448796,1225,ARRIVAL,,
580.7580540658744,269,TRANSMIT,5,25
580.7580540658744,269,ARRIVAL,,
580.7580540658744,1230,TRANSMIT,25,5
580.7580540658744,1230,ARRIVAL,,
590.2493437325754,253,TRANSMIT,5,9
590.2493437325754,253,ARRIVAL,,
590.2493437325754,446,TRANSMIT,9,5
590.2493437325754,446,ARRIVAL,,
601.4414240739627,1154,TRANSMIT,23,28
601.4414240739627,1154,ARRIVAL,,
601.4414240739627,1395,TRANSMIT,28,23
601.4414240739627,1395,ARRIVAL,,
605.1110039489806,526,TRANSMIT,10,37
605.1110039489806,526,ARRIVAL,,
605.1110039489806,1823,TRANSMIT,37,10
605.1110039489806,1823,ARRIVAL,,
612.2355120888824,1416,TRANSMIT,28,45
612.2355120888824,1416,ARRIVAL,,
612.2355120888824,2233,TRANSMIT,45,28
612.2355120888824,2233,ARRIVAL,,
616.8088836647318,255,TRANSMIT,5,11
616.8088836647318,255,ARRIVAL,,
616.8088836647318,544,TRANSMIT,11,5
616.8088836647318,544,ARRIVAL,,
620.889443419266,966,TRANSMIT,19,36
620.889443419266,966,ARRIVAL,,
620.889443419266,1783,TRANSMIT,36,19
620.889443419266,1783,ARRIVAL,,
621.5768216883079,823,TRANSMIT,16,40
621.5768216883079,823,ARRIVAL,,
621.5768216883079,1976,TRANSMIT,40,16
621.5768216883079,1976,ARRIVAL,,
643.602963204033,30,TRANSMIT,0,31
643.602963204033,1519,TRANSMIT,31,0
662.7069164441534,1161,TRANSMIT,23,35
662.7069164441534,1161,ARRIVAL,,
662.7069164441534,1738,TRANSMIT,35,23
662.7069164441534,1738,ARRIVAL,,
668.0735607073084,276,TRANSMIT,5,32
668.0735607073084,276,ARRIVAL,,
668.0735607073084,1573,TRANSMIT,32,5
668.0735607073084,1573,ARRIVAL,,
670.8467260649646,573,TRANSMIT,11,35
670.8467260649646,573,ARRIVAL,,
670.8467260649646,1726,TRANSMIT,35,11
670.8467260649646,1726,ARRIVAL,,
678.7871811791865,1300,TRANSMIT,26,27
678.7871811791865,1300,ARRIVAL,,
678.7871811791865,1349,TRANSMIT,27,26
678.7871811791865,1349,ARRIVAL,,
682.6548754214189,624,TRANSMIT,12,37
682.6548754214189,624,ARRIVAL,,
682.6548754214189,1825,TRANSMIT,37,12
682.6548754214189,1825,ARRIVAL,,
696.8931368603808,381,TRANSMIT,7,39
696.8931368603808,381,ARRIVAL,,
696.8931368603808,1918,TRANSMIT,39,7
696.8931368603808,1918,ARRIVAL,,
707.4072578470151,134,TRANSMIT,2,37
707.4072578470151,134,ARRIVAL,,
707.4072578470151,1815,TRANSMIT,37,2
707.4072578470151,1815,ARRIVAL,,
707.4612805355875,18,TRANSMIT,0,19
707.4612805355875,18,ARRIVAL,,
707.4612805355875,931,TRANSMIT,19,0
707.4612805355875,931,ARRIVAL,,
730.6686556631713,352,TRANSMIT,7,10
730.6686556631713,352,ARRIVAL,,
730.6686556631713,497,TRANSMIT,10,7
730.6686556631713,497,ARRIVAL,,
744.5937734203333,290,TRANSMIT,5,46
744.5937734203333,290,ARRIVAL,,
744.5937734203333,2259,TRANSMIT,46,5
744.5937734203333,2259,ARRIVAL,,
747.3609304657291,1314,TRANSMIT,26,41
747.3609304657291,1314,ARRIVAL,,
747.3609304657291,2035,TRANSMIT,41,26
747.3609304657291,2035,ARRIVAL,,
785.9020371953276,1174,TRANSMIT,23,48
785.9020371953276,1174,ARRIVAL,,
785.9020371953276,2375,TRANSMIT,48,23
785.9020371953276,2375,ARRIVAL,,
791.2735178419116,84,TRANSMIT,1,36
791.2735178419116,84,ARRIVAL,,
791.2735178419116,1765,TRANSMIT,36,1
791.2735178419116,1765,ARRIVAL,,
802.4553136001039,115,TRANSMIT,2,18
802.4553136001039,115,ARRIVAL,,
802.4553136001039,884,TRANSMIT,18,2
802.4553136001039,884,ARRIVAL,,
805.687089627915,412,TRANSMIT,8,21
805.687089627915,412,ARRIVAL,,
805.687089627915,1037,TRANSMIT,21,8
805.687089627915,1037,ARRIVAL,,
813.4747104302838,192,TRANSMIT,3,46
813.4747104302838,192,ARRIVAL,,
813.4747104302838,2257,TRANSMIT,46,3
813.4747104302838,2257,ARRIVAL,,
815.8821128560875,45,TRANSMIT,0,46
815.8821128560875,45,ARRIVAL,,
815.8821128560875,2254,TRANSMIT,46,0
815.8821128560875,2254,ARRIVAL,,
817.8876755198871,1302,TRANSMIT,26,29
817.8876755198871,1302,ARRIVAL,,
817.8876755198871,1447,TRANSMIT,29,26
817.8876755198871,1447,ARRIVAL,,
821.9722257351496,433,TRANSMIT,8,42
821.9722257351496,2066,TRANSMIT,42,8
822.1082690297757,365,TRANSMIT,7,23
822.1082690297757,365,ARRIVAL,,
822.1082690297757,1134,TRANSMIT,23,7
822.1082690297757,1134,ARRIVAL,,
831.2318426766141,614,TRANSMIT,12,27
831.2318426766141,614,ARRIVAL,,
831.2318426766141,1335,TRANSMIT,27,12
831.2318426766141,1335,ARRIVAL,,
833.611914600777,904,TRANSMIT,18,23
833.611914600777,904,ARRIVAL,,
833.611914600777,1145,TRANSMIT,23,18
833.611914600777,1145,ARRIVAL,,
840.6998616379379,340,TRANSMIT,6,47
840.6998616379379,340,ARRIVAL,,
840.6998616379379,2309,TRANSMIT,47,6
840.6998616379379,2309,ARRIVAL,,
843.4863638261976,1072,TRANSMIT,21,44
843.4863638261976,1072,ARRIVAL,,
843.4863638261976,2177,TRANSMIT,44,21
843.4863638261976,2177,ARRIVAL,,
846.4327325091753,1221,TRANSMIT,24,46
846.4327325091753,1221,ARRIVAL,,
846.4327325091753,2278,TRANSMIT,46,24
846.4327325091753,2278,ARRIVAL,,
871.3005419233301,152,TRANSMIT,3,6
871.3005419233301,152,ARRIVAL,,
871.3005419233301,297,TRANSMIT,6,3
871.3005419233301,297,ARRIVAL,,
873.559170001539,1254,TRANSMIT,25,30
873.559170001539,1254,ARRIVAL,,
873.559170001539,1495,TRANSMIT,30,25
873.559170001539,1495,ARRIVAL,,
897.0887812344204,1802,TRANSMIT,36,39
897.0887812344204,1802,ARRIVAL,,
897.0887812344204,1947,TRANSMIT,39,36
897.0887812344204,1947,ARRIVAL,,
905.5880224998837,723,TRANSMIT,14,38
905.5880224998837,1876,TRANSMIT,38,14
908.8678962508728,361,TRANSMIT,7,19
908.8678962508728,361,ARRIVAL,,
908.8678962508728,938,TRANSMIT,19,7
908.8678962508728,938,ARRIVAL,,
921.7375210419319,80,TRANSMIT,1,32
921.7375210419319,80,ARRIVAL,,
921.7375210419319,1569,TRANSMIT,32,1
921.7375210419319,1569,ARRIVAL,,
937.5130785924445,1213,TRANSMIT,24,38
937.5130785924445,1213,ARRIVAL,,
937.5130785924445,1886,TRANSMIT,38,24
937.5130785924445,1886,ARRIVAL,,
939.5809796434959,656,TRANSMIT,13,20
939.5809796434959,656,ARRIVAL,,
939.5809796434959,993,TRANSMIT,20,13
939.5809796434959,993,ARRIVAL,,
942.4712361915374,1162,TRANSMIT,23,36
942.4712361915374,1162,ARRIVAL,,
942.4712361915374,1787,TRANSMIT,36,23
942.4712361915374,1787,ARRIVAL,,
945.4457746342262,960,TRANSMIT,19,30
945.4457746342262,960,ARRIVAL,,
945.4457746342262,1489,TRANSMIT,30,19
945.4457746342262,1489,ARRIVAL,,
949.0950799436366,190,TRANSMIT,3,44
949.0950799436366,190,ARRIVAL,,
949.0950799436366,2159,TRANSMIT,44,3
949.0950799436366,2159,ARRIVAL,,
965.7996504547189,1763,TRANSMIT,35,49
965.7996504547189,1763,ARRIVAL,,
965.7996504547189,2436,TRANSMIT,49,35
965.7996504547189,2436,ARRIVAL,,
979.1085545310975,334,TRANSMIT,6,41
979.1085545310975,334,ARRIVAL,,
979.1085545310975,2015,TRANSMIT,41,6
979.1085545310975,2015,ARRIVAL,,
981.8737587534382,317,TRANSMIT,6,24
981.8737587534382,317,ARRIVAL,,
981.8737587534382,1182,TRANSMIT,24,6
981.8737587534382,1182,ARRIVAL,,
992.9427477274248,8,TRANSMIT,0,9
992.9427477274248,441,TRANSMIT,9,0
996.0250122935122,1251,TRANSMIT,25,27
996.0250122935122,1251,ARRIVAL,,
996.0250122935122,1348,TRANSMIT,27,25
996.0250122935122,1348,ARRIVAL,,
997.1145087822747,1114,TRANSMIT,22,37
997.1145087822747,1114,ARRIVAL,,
997.1145087822747,1835,TRANSMIT,37,22
997.1145087822747,1835,ARRIVAL,,
1004.7770364780278,402,TRANSMIT,8,11
1004.7770364780278,402,ARRIVAL,,
1004.7770364780278,547,TRANSMIT,11,8
1004.7770364780278,547,ARRIVAL,,
1008.6199003805176,710,TRANSMIT,14,25
1008.6199003805176,710,ARRIVAL,,
1008.6199003805176,1239,TRANSMIT,25,14
1008.6199003805176,1239,ARRIVAL,,
1023.6352971981047,758,TRANSMIT,15,24
1023.6352971981047,758,ARRIVAL,,
1023.6352971981047,1191,TRANSMIT,24,15
1023.6352971981047,1191,ARRIVAL,,
1041.7208861929848,221,TRANSMIT,4,26
1041.7208861929848,221,ARRIVAL,,
1041.7208861929848,1278,TRANSMIT,26,4
1041.7208861929848,1278,ARRIVAL,,
1046.290782487449,2302,TRANSMIT,46,49
1046.290782487449,2447,TRANSMIT,49,46
1054.3681757430004,566,TRANSMIT,11,28
1054.3681757430004,566,ARRIVAL,,
1054.3681757430004,1383,TRANSMIT,28,11
1054.3681757430004,1383,ARRIVAL,,
1063.2263776682128,668,TRANSMIT,13,32
1063.2263776682128,668,ARRIVAL,,
1063.2263776682128,1581,TRANSMIT,32,13
1063.2263776682128,1581,ARRIVAL,,
1077.0628530481165,605,TRANSMIT,12,18
1077.0628530481165,605,ARRIVAL,,
1077.0628530481165,894,TRANSMIT,18,12
1077.0628530481165,894,ARRIVAL,,
1079.7089072968188,384,TRANSMIT,7,42
1079.7089072968188,384,ARRIVAL,,
1079.7089072968188,2065,TRANSMIT,42,7
1079.7089072968188,2065,ARRIVAL,,
1088.5816527792579,1516,TRANSMIT,30,47
1088.5816527792579,1516,ARRIVAL,,
1088.5816527792579,2333,TRANSMIT,47,30
1088.5816527792579,2333,ARRIVAL,,
1094.070660025368,1464,TRANSMIT,29,44
1094.070660025368,1464,ARRIVAL,,
1094.070660025368,2185,TRANSMIT,44,29
1094.070660025368,2185,ARRIVAL,,
1099.0061202973325,2056,TRANSMIT,41,48
1099.0061202973325,2056,ARRIVAL,,
1099.0061202973325,2393,TRANSMIT,48,41
1099.0061202973325,2393,ARRIVAL,,
1105.6799413900728,1103,TRANSMIT,22,26
1105.6799413900728,1103,ARRIVAL,,
1105.6799413900728,1296,TRANSMIT,26,22
1105.6799413900728,1296,ARRIVAL,,
1116.4852087455472,1417,TRANSMIT,28,46
1116.4852087455472,1417,ARRIVAL,,
1116.4852087455472,2282,TRANSMIT,46,28
1116.4852087455472,2282,ARRIVAL,,
1141.1081821926427,752,TRANSMIT,15,18
1141.1081821926427,752,ARRIVAL,,
1141.1081821926427,897,TRANSMIT,18,15
1141.1081821926427,897,ARRIVAL,,
1148.836626261344,954,TRANSMIT,19,24
1148.836626261344,954,ARRIVAL,,
1148.836626261344,1195,TRANSMIT,24,19
1148.836626261344,1195,ARRIVAL,,
1155.4657755240612,1005,TRANSMIT,20,26
1155.4657755240612,1005,ARRIVAL,,
1155.4657755240612,1294,TRANSMIT,26,20
1155.4657755240612,1294,ARRIVAL,,
1161.7164168653044,303,TRANSMIT,6,10
1161.7164168653044,303,ARRIVAL,,
1161.7164168653044,496,TRANSMIT,10,6
1161.7164168653044,496,ARRIVAL,,
1177.033662060553,1501,TRANSMIT,30,32
1177.033662060553,1501,ARRIVAL,,
1177.033662060553,1598,TRANSMIT,32,30
1177.033662060553,1598,ARRIVAL,,
1188.0411691729585,553,TRANSMIT,11,15
1188.0411691729585,553,ARRIVAL,,
1188.0411691729585,746,TRANSMIT,15,11
1188.0411691729585,746,ARRIVAL,,
1198.3090033965932,1811,TRANSMIT,36,48
1198.3090033965932,1811,ARRIVAL,,
1198.3090033965932,2388,TRANSMIT,48,36
1198.3090033965932,2388,ARRIVAL,,
1206.9421429796535,1267,TRANSMIT,25,43
1206.9421429796535,1267,ARRIVAL,,
1206.9421429796535,2132,TRANSMIT,43,25
1206.9421429796535,2132,ARRIVAL,,
1208.0729867786185,1165,TRANSMIT,23,39
1208.0729867786185,1165,ARRIVAL,,
1208.0729867786185,1934,TRANSMIT,39,23
1208.0729867786185,1934,ARRIVAL,,
1239.970643844558,519,TRANSMIT,10,30
1239.970643844558,519,ARRIVAL,,
1239.970643844558,1480,TRANSMIT,30,10
1239.970643844558,1480,ARRIVAL,,
1247.1823554172202,536,TRANSMIT,10,47
1247.1823554172202,536,ARRIVAL,,
1247.1823554172202,2313,TRANSMIT,47,10
1247.1823554172202,2313,ARRIVAL,,
1253.8455381089575,734,TRANSMIT,14,49
1253.8455381089575,734,ARRIVAL,,
1253.8455381089575,2415,TRANSMIT,49,14
1253.8455381089575,2415,ARRIVAL,,
1258.7354546738316,1751,TRANSMIT,35,37
1258.7354546738316,1751,ARRIVAL,,
1258.7354546738316,1848,TRANSMIT,37,35
1258.7354546738316,1848,ARRIVAL,,
1264.2622545436689,830,TRANSMIT,16,47
1264.2622545436689,830,ARRIVAL,,
1264.2622545436689,2319,TRANSMIT,47,16
1264.2622545436689,2319,ARRIVAL,,
1267.1092425201566,970,TRANSMIT,19,40
1267.1092425201566,970,ARRIVAL,,
1267.1092425201566,1979,TRANSMIT,40,19
1267.1092425201566,1979,ARRIVAL,,
1267.9528275430541,1273,TRANSMIT,25,49
1267.9528275430541,1273,ARRIVAL,,
1267.9528275430541,2426,TRANSMIT,49,25
1267.9528275430541,2426,ARRIVAL,,
1287.1478971860215,2052,TRANSMIT,41,44
1287.1478971860215,2052,ARRIVAL,,
1287.1478971860215,2197,TRANSMIT,44,41
1287.1478971860215,2197,ARRIVAL,,
1316.4977039215144,372,TRANSMIT,7,30
1316.4977039215144,372,ARRIVAL,,
1316.4977039215144,1477,TRANSMIT,30,7
1316.4977039215144,1477,ARRIVAL,,
1318.294346531475,122,TRANSMIT,2,25
1318.294346531475,122,ARRIVAL,,
1318.294346531475,1227,TRANSMIT,25,2
1318.294346531475,1227,ARRIVAL,,
1325.981349682229,351,TRANSMIT,7,9
1325.981349682229,351,ARRIVAL,,
1325.981349682229,448,TRANSMIT,9,7
1325.981349682229,448,ARRIVAL,,
1332.0836582652285,712,TRANSMIT,14,27
1332.0836582652285,712,ARRIVAL,,
1332.0836582652285,1337,TRANSMIT,27,14
1332.0836582652285,1337,ARRIVAL,,
1337.609504019574,1567,TRANSMIT,31,49
1337.609504019574,1567,ARRIVAL,,
1337.609504019574,2432,TRANSMIT,49,31
1337.609504019574,2432,ARRIVAL,,
1340.1533330396292,968,TRANSMIT,19,38
1340.1533330396292,968,ARRIVAL,,
1340.1533330396292,1881,TRANSMIT,38,19
1340.1533330396292,1881,ARRIVAL,,
1345.597695651421,383,TRANSMIT,7,41
1345.597695651421,383,ARRIVAL,,
1345.597695651421,2016,TRANSMIT,41,7
1345.597695651421,2016,ARRIVAL,,
1352.1994487679058,1455,TRANSMIT,29,35
1352.1994487679058,1455,ARRIVAL,,
1352.1994487679058,1744,TRANSMIT,35,29
1352.1994487679058,1744,ARRIVAL,,
1352.6792353968438,2100,TRANSMIT,42,43
1352.6792353968438,2100,ARRIVAL,,
1352.6792353968438,2149,TRANSMIT,43,42
1352.6792353968438,2149,ARRIVAL,,
1356.9598801202412,506,TRANSMIT,10,17
1356.9598801202412,506,ARRIVAL,,
1356.9598801202412,843,TRANSMIT,17,10
1356.9598801202412,843,ARRIVAL,,
1365.4098381440363,120,TRANSMIT,2,23
1365.4098381440363,120,ARRIVAL,,
1365.4098381440363,1129,TRANSMIT,23,2
1365.4098381440363,1129,ARRIVAL,,
1372.799647369761,155,TRANSMIT,3,9
1372.799647369761,155,ARRIVAL,,
1372.799647369761,444,TRANSMIT,9,3
1372.799647369761,444,ARRIVAL,,
1387.905647962822,910,TRANSMIT,18,29
1387.905647962822,910,ARRIVAL,,
1387.905647962822,1439,TRANSMIT,29,18
1387.905647962822,1439,ARRIVAL,,
1403.0354309842767,2006,TRANSMIT,40,47
1403.0354309842767,2006,ARRIVAL,,
1403.0354309842767,2343,TRANSMIT,47,40
1403.0354309842767,2343,ARRIVAL,,
1407.0833884155522,1955,TRANSMIT,39,45
1407.0833884155522,1955,ARRIVAL,,
1407.0833884155522,2244,TRANSMIT,45,39
1407.0833884155522,2244,ARRIVAL,,
1408.8114096037912,6,TRANSMIT,0,7
1408.8114096037912,6,ARRIVAL,,
1408.8114096037912,343,TRANSMIT,7,0
1408.8114096037912,343,ARRIVAL,,
1424.0664337879327,1007,TRANSMIT,20,28
1424.0664337879327,1007,ARRIVAL,,
1424.0664337879327,1392,TRANSMIT,28,20
1424.0664337879327,1392,ARRIVAL,,
1446.1100272732008,354,TRANSMIT,7,12
1446.1100272732008,354,ARRIVAL,,
1446.1100272732008,595,TRANSMIT,12,7
1446.1100272732008,595,ARRIVAL,,
1456.7294601140666,1264,TRANSMIT,25,40
1456.7294601140666,1264,ARRIVAL,,
1456.7294601140666,1985,TRANSMIT,40,25
1456.7294601140666,1985,ARRIVAL,,
1457.900142196477,1007,TRANSMIT,20,28
1457.900142196477,1392,TRANSMIT,28,20
1474.9654566077943,120,TRANSMIT,2,23
1474.9654566077943,1129,TRANSMIT,23,2
1475.5615755272702,145,TRANSMIT,2,48
1475.5615755272702,145,ARRIVAL,,
1475.5615755272702,2354,TRANSMIT,48,2
1475.5615755272702,2354,ARRIVAL,,
1486.1649013076465,225,TRANSMIT,4,30
1486.1649013076465,225,ARRIVAL,,
1486.1649013076465,1474,TRANSMIT,30,4
1486.1649013076465,1474,ARRIVAL,,
1487.8244748728441,617,TRANSMIT,12,30
1487.8244748728441,617,ARRIVAL,,
1487.8244748728441,1482,TRANSMIT,30,12
1487.8244748728441,1482,ARRIVAL,,
1488.581051137814,284,TRANSMIT,5,40
1488.581051137814,284,ARRIVAL,,
1488.581051137814,1965,TRANSMIT,40,5
1488.581051137814,1965,ARRIVAL,,
1495.2146171473294,1074,TRANSMIT,21,46
1495.2146171473294,1074,ARRIVAL,,
1495.2146171473294,2275,TRANSMIT,46,21
1495.2146171473294,2275,ARRIVAL,,
1495.5153341422365,141,TRANSMIT,2,44
1495.5153341422365,141,ARRIVAL,,
1495.5153341422365,2158,TRANSMIT,44,2
1495.5153341422365,2158,ARRIVAL,,
1506.8716869858606,1010,TRANSMIT,20,31
1506.8716869858606,1010,ARRIVAL,,
1506.8716869858606,1539,TRANSMIT,31,20
1506.8716869858606,1539,ARRIVAL,,
1509.7731426463447,153,TRANSMIT,3,7
1509.7731426463447,153,ARRIVAL,,
1509.7731426463447,346,TRANSMIT,7,3
1509.7731426463447,346,ARRIVAL,,
1530.3088955735614,1803,TRANSMIT,36,40
1530.3088955735614,1803,ARRIVAL,,
1530.3088955735614,1996,TRANSMIT,40,36
1530.3088955735614,1996,ARRIVAL,,
1530.5872757653362,457,TRANSMIT,9,17
1530.5872757653362,457,ARRIVAL,,
1530.5872757653362,842,TRANSMIT,17,9
1530.5872757653362,842,ARRIVAL,,
1533.2259851162462,1207,TRANSMIT,24,32
1533.2259851162462,1207,ARRIVAL,,
1533.2259851162462,1592,TRANSMIT,32,24
1533.2259851162462,1592,ARRIVAL,,
1533.4762618081409,860,TRANSMIT,17,28
1533.4762618081409,860,ARRIVAL,,
1533.4762618081409,1389,TRANSMIT,28,17
1533.4762618081409,1389,ARRIVAL,,
1533.8456685012748,17,TRANSMIT,0,18
1533.8456685012748,17,ARRIVAL,,
1533.8456685012748,882,TRANSMIT,18,0
1533.8456685012748,882,ARRIVAL,,
1535.126814210907,712,TRANSMIT,14,27
1535.126814210907,1337,TRANSMIT,27,14
1542.6829814635719,122,TRANSMIT,2,25
1542.6829814635719,1227,TRANSMIT,25,2
1549.002025452828,831,TRANSMIT,16,48
1549.002025452828,831,ARRIVAL,,
1549.002025452828,2368,TRANSMIT,48,16
1549.002025452828,2368,ARRIVAL,,
1559.0662750335962,33,TRANSMIT,0,34
1559.0662750335962,33,ARRIVAL,,
1559.0662750335962,1666,TRANSMIT,34,0
1559.0662750335962,1666,ARRIVAL,,
1575.40206758522,564,TRANSMIT,11,26
1575.40206758522,564,ARRIVAL,,
1575.40206758522,1285,TRANSMIT,26,11
1575.40206758522,1285,ARRIVAL,,
1576.8302245065652,355,TRANSMIT,7,13
1576.8302245065652,355,ARRIVAL,,
1576.8302245065652,644,TRANSMIT,13,7
1576.8302245065652,644,ARRIVAL,,
1579.577526324802,459,TRANSMIT,9,19
1579.577526324802,459,ARRIVAL,,
1579.577526324802,940,TRANSMIT,19,9
1579.577526324802,940,ARRIVAL,,
1585.636448311018,924,TRANSMIT,18,43
1585.636448311018,924,ARRIVAL,,
1585.636448311018,2125,TRANSMIT,43,18
1585.636448311018,2125,ARRIVAL,,
1630.4292782365042,652,TRANSMIT,13,16
1630.4292782365042,652,ARRIVAL,,
1630.4292782365042,797,TRANSMIT,16,13
1630.4292782365042,797,ARRIVAL,,
1633.6606179050048,222,TRANSMIT,4,27
1633.6606179050048,222,ARRIVAL,,
1633.6606179050048,1327,TRANSMIT,27,4
1633.6606179050048,1327,ARRIVAL,,
1635.0987622260243,526,TRANSMIT,10,37
1635.0987622260243,1823,TRANSMIT,37,10
1640.444648647817,1856,TRANSMIT,37,44
1640.444648647817,2193,TRANSMIT,44,37
1653.7695897776734,229,TRANSMIT,4,34
1653.7695897776734,229,ARRIVAL,,
1653.7695897776734,1670,TRANSMIT,34,4
1653.7695897776734,1670,ARRIVAL,,
1691.0525820516473,659,TRANSMIT,13,23
1691.0525820516473,659,ARRIVAL,,
1691.0525820516473,1140,TRANSMIT,23,13
1691.0525820516473,1140,ARRIVAL,,
1692.0300946540146,830,TRANSMIT,16,47
1692.0300946540146,2319,TRANSMIT,47,16
1693.0561352978186,1263,TRANSMIT,25,39
1693.0561352978186,1263,ARRIVAL,,
1693.0561352978186,1936,TRANSMIT,39,25
1693.0561352978186,1936,ARRIVAL,,
1700.607517858022,1125,TRANSMIT,22,48
1700.607517858022,1125,ARRIVAL,,
1700.607517858022,2374,TRANSMIT,48,22
1700.607517858022,2374,ARRIVAL,,
1717.7406820525807,2001,TRANSMIT,40,42
1717.7406820525807,2001,ARRIVAL,,
1717.7406820525807,2098,TRANSMIT,42,40
1717.7406820525807,2098,ARRIVAL,,
1717.9178004318867,1150,TRANSMIT,23,24
1717.9178004318867,1150,ARRIVAL,,
1717.9178004318867,1199,TRANSMIT,24,23
1717.9178004318867,1199,ARRIVAL,,
1718.0828521149144,969,TRANSMIT,19,39
1718.0828521149144,969,ARRIVAL,,
1718.0828521149144,1930,TRANSMIT,39,19
1718.0828521149144,1930,ARRIVAL,,
1718.1454505770635,1154,TRANSMIT,23,28
1718.1454505770635,1395,TRANSMIT,28,23
1734.1470597290167,1050,TRANSMIT,21,22
1734.1470597290167,1050,ARRIVAL,,
1734.1470597290167,1099,TRANSMIT,22,21
1734.1470597290167,1099,ARRIVAL,,
1738.1524092695392,601,TRANSMIT,12,14
1738.1524092695392,698,TRANSMIT,14,12
1761.041434766036,16,TRANSMIT,0,17
1761.041434766036,16,ARRIVAL,,
1761.041434766036,833,TRANSMIT,17,0
1761.041434766036,833,ARRIVAL,,
1773.5985500358481,614,TRANSMIT,12,27
1773.5985500358481,1335,TRANSMIT,27,12
1776.313323805879,731,TRANSMIT,14,46
1776.313323805879,731,ARRIVAL,,
1776.313323805879,2268,TRANSMIT,46,14
1776.313323805879,2268,ARRIVAL,,
1783.15832468302,100,TRANSMIT,2,3
1783.15832468302,100,ARRIVAL,,
1783.15832468302,149,TRANSMIT,3,2
1783.15832468302,149,ARRIVAL,,
1783.7399099102065,1501,TRANSMIT,30,32
1783.7399099102065,1598,TRANSMIT,32,30
1786.847451401622,2351,TRANSMIT,47,49
1786.847451401622,2351,ARRIVAL,,
1786.847451401622,2448,TRANSMIT,49,47
1786.847451401622,2448,ARRIVAL,,
1789.8167727587222,13,TRANSMIT,0,14
1789.8167727587222,13,ARRIVAL,,
1789.8167727587222,686,TRANSMIT,14,0
1789.8167727587222,686,ARRIVAL,,
1791.235427238641,1107,TRANSMIT,22,30
1791.235427238641,1107,ARRIVAL,,
1791.235427238641,1492,TRANSMIT,30,22
1791.235427238641,1492,ARRIVAL,,
