instant,messageId,eventType,sourceNodeId,destinationNodeId
0.0,0,GENERATE,0,1
0.0,1,GENERATE,0,2
0.0,2,GENERATE,0,3
0.0,3,GENERATE,0,4
0.0,4,GENERATE,0,5
0.0,5,GENERATE,0,6
0.0,6,GENERATE,0,7
0.0,7,GENERATE,0,8
0.0,8,GENERATE,0,9
0.0,9,GENERATE,0,10
0.0,10,GENERATE,0,11
0.0,11,GENERATE,0,12
0.0,12,GENERATE,0,13
0.0,13,GENERATE,0,14
0.0,14,GENERATE,0,15
0.0,15,GENERATE,0,16
0.0,16,GENERATE,0,17
0.0,17,GENERATE,0,18
0.0,18,GENERATE,0,19
0.0,19,GENERATE,0,20
0.0,20,GENERATE,0,21
0.0,21,GENERATE,0,22
0.0,22,GENERATE,0,23
0.0,23,GENERATE,0,24
0.0,24,GENERATE,0,25
0.0,25,GENERATE,0,26
0.0,26,GENERATE,0,27
0.0,27,GENERATE,0,28
0.0,28,GENERATE,0,29
0.0,29,GENERATE,0,30
0.0,30,GENERATE,0,31
0.0,31,GENERATE,0,32
0.0,32,GENERATE,0,33
0.0,33,GENERATE,0,34
0.0,34,GENERATE,0,35
0.0,35,GENERATE,0,36
0.0,36,GENERATE,0,37
0.0,37,GENERATE,0,38
0.0,38,GENERATE,0,39
0.0,39,GENERATE,0,40
0.0,40,GENERATE,0,41
0.0,41,GENERATE,0,42
0.0,42,GENERATE,0,43
0.0,43,GENERATE,0,44
0.0,44,GENERATE,0,45
0.0,45,GENERATE,0,46
0.0,46,GENERATE,0,47
0.0,47,GENERATE,0,48
0.0,48,GENERATE,0,49
0.0,49,GENERATE,1,0
0.0,50,GENERATE,1,2
0.0,51,GENERATE,1,3
0.0,52,GENERATE,1,4
0.0,53,GENERATE,1,5
0.0,54,GENERATE,1,6
0.0,55,GENERATE,1,7
0.0,56,GENERATE,1,8
0.0,57,GENERATE,1,9
0.0,58,GENERATE,1,10
0.0,59,GENERATE,1,11
0.0,60,GENERATE,1,12
0.0,61,GENERATE,1,13
0.0,62,GENERATE,1,14
0.0,63,GENERATE,1,15
0.0,64,GENERATE,1,16
0.0,65,GENERATE,1,17
0.0,66,GENERATE,1,18
0.0,67,GENERATE,1,19
0.0,68,GENERATE,1,20
0.0,69,GENERATE,1,21
0.0,70,GENERATE,1,22
0.0,71,GENERATE,1,23
0.0,72,GENERATE,1,24
0.0,73,GENERATE,1,25
0.0,74,GENERATE,1,26
0.0,75,GENERATE,1,27
0.0,76,GENERATE,1,28
0.0,77,GENERATE,1,29
0.0,78,GENERATE,1,30
0.0,79,GENERATE,1,31
0.0,80,GENERATE,1,32
0.0,81,GENERATE,1,33
0.0,82,GENERATE,1,34
0.0,83,GENERATE,1,35
0.0,84,GENERATE,1,36
0.0,85,GENERATE,1,37
0.0,86,GENERATE,1,38
0.0,87,GENERATE,1,39
0.0,88,GENERATE,1,40
0.0,89,GENERATE,1,41
0.0,90,GENERATE,1,42
0.0,91,GENERATE,1,43
0.0,92,GENERATE,1,44
0.0,93,GENERATE,1,45
0.0,94,GENERATE,1,46
0.0,95,GENERATE,1,47
0.0,96,GENERATE,1,48
0.0,97,GENERATE,1,49
0.0,98,GENERATE,2,0
0.0,99,GENERATE,2,1
0.0,100,GENERATE,2,3
0.0,101,GENERATE,2,4
0.0,102,GENERATE,2,5
0.0,103,GENERATE,2,6
0.0,104,GENERATE,2,7
0.0,105,GENERATE,2,8
0.0,106,GENERATE,2,9
0.0,107,GENERATE,2,10
0.0,108,GENERATE,2,11
0.0,109,GENERATE,2,12
0.0,110,GENERATE,2,13
0.0,111,GENERATE,2,14
0.0,112,GENERATE,2,15
0.0,113,GENERATE,2,16
0.0,114,GENERATE,2,17
0.0,115,GENERATE,2,18
0.0,116,GENERATE,2,19
0.0,117,GENERATE,2,20
0.0,118,GENERATE,2,21
0.0,119,GENERATE,2,22
0.0,120,GENERATE,2,23
0.0,121,GENERATE,2,24
0.0,122,GENERATE,2,25
0.0,123,GENERATE,2,26
0.0,124,GENERATE,2,27
0.0,125,GENERATE,2,28
0.0,126,GENERATE,2,29
0.0,127,GENERATE,2,30
0.0,128,GENERATE,2,31
0.0,129,GENERATE,2,32
0.0,130,GENERATE,2,33
0.0,131,GENERATE,2,34
0.0,132,GENERATE,2,35
0.0,133,GENERATE,2,36
0.0,134,GENERATE,2,37
0.0,135,GENERATE,2,38
0.0,136,GENERATE,2,39
0.0,137,GENERATE,2,40
0.0,138,GENERATE,2,41
0.0,139,GENERATE,2,42
0.0,140,GENERATE,2,43
0.0,141,GENERATE,2,44
0.0,142,GENERATE,2,45
0.0,143,GENERATE,2,46
0.0,144,GENERATE,2,47
0.0,145,GENERATE,2,48
0.0,146,GENERATE,2,49
0.0,147,GENERATE,3,0
0.0,148,GENERATE,3,1
0.0,149,GENERATE,3,2
0.0,150,GENERATE,3,4
0.0,151,GENERATE,3,5
0.0,152,GENERATE,3,6
0.0,153,GENERATE,3,7
0.0,154,GENERATE,3,8
0.0,155,GENERATE,3,9
0.0,156,GENERATE,3,10
0.0,157,GENERATE,3,11
0.0,158,GENERATE,3,12
0.0,159,GENERATE,3,13
0.0,160,GENERATE,3,14
0.0,161,GENERATE,3,15
0.0,162,GENERATE,3,16
0.0,163,GENERATE,3,17
0.0,164,GENERATE,3,18
0.0,165,GENERATE,3,19
0.0,166,GENERATE,3,20
0.0,167,GENERATE,3,21
0.0,168,GENERATE,3,22
0.0,169,GENERATE,3,23
0.0,170,GENERATE,3,24
0.0,171,GENERATE,3,25
0.0,172,GENERATE,3,26
0.0,173,GENERATE,3,27
0.0,174,GENERATE,3,28
0.0,175,GENERATE,3,29
0.0,176,GENERATE,3,30
0.0,177,GENERATE,3,31
0.0,178,GENERATE,3,32
0.0,179,GENERATE,3,33
0.0,180,GENERATE,3,34
0.0,181,GENERATE,3,35
0.0,182,GENERATE,3,36
0.0,183,GENERATE,3,37
0.0,184,GENERATE,3,38
0.0,185,GENERATE,3,39
0.0,186,GENERATE,3,40
0.0,187,GENERATE,3,41
0.0,188,GENERATE,3,42
0.0,189,GENERATE,3,43
0.0,190,GENERATE,3,44
0.0,191,GENERATE,3,45
0.0,192,GENERATE,3,46
0.0,193,GENERATE,3,47
0.0,194,GENERATE,3,48
0.0,195,GENERATE,3,49
0.0,196,GENERATE,4,0
0.0,197,GENERATE,4,1
0.0,198,GENERATE,4,2
0.0,199,GENERATE,4,3
0.0,200,GENERATE,4,5
0.0,201,GENERATE,4,6
0.0,202,GENERATE,4,7
0.0,203,GENERATE,4,8
0.0,204,GENERATE,4,9
0.0,205,GENERATE,4,10
0.0,206,GENERATE,4,11
0.0,207,GENERATE,4,12
0.0,208,GENERATE,4,13
0.0,209,GENERATE,4,14
0.0,210,GENERATE,4,15
0.0,211,GENERATE,4,16
0.0,212,GENERATE,4,17
0.0,213,GENERATE,4,18
0.0,214,GENERATE,4,19
0.0,215,GENERATE,4,20
0.0,216,GENERATE,4,21
0.0,217,GENERATE,4,22
0.0,218,GENERATE,4,23
0.0,219,GENERATE,4,24
0.0,220,GENERATE,4,25
0.0,221,GENERATE,4,26
0.0,222,GENERATE,4,27
0.0,223,GENERATE,4,28
0.0,224,GENERATE,4,29
0.0,225,GENERATE,4,30
0.0,226,GENERATE,4,31
0.0,227,GENERATE,4,32
0.0,228,GENERATE,4,33
0.0,229,GENERATE,4,34
0.0,230,GENERATE,4,35
0.0,231,GENERATE,4,36
0.0,232,GENERATE,4,37
0.0,233,GENERATE,4,38
0.0,234,GENERATE,4,39
0.0,235,GENERATE,4,40
0.0,236,GENERATE,4,41
0.0,237,GENERATE,4,42
0.0,238,GENERATE,4,43
0.0,239,GENERATE,4,44
0.0,240,GENERATE,4,45
0.0,241,GENERATE,4,46
0.0,242,GENERATE,4,47
0.0,243,GENERATE,4,48
0.0,244,GENERATE,4,49
0.0,245,GENERATE,5,0
0.0,246,GENERATE,5,1
0.0,247,GENERATE,5,2
0.0,248,GENERATE,5,3
0.0,249,GENERATE,5,4
0.0,250,GENERATE,5,6
0.0,251,GENERATE,5,7
0.0,252,GENERATE,5,8
0.0,253,GENERATE,5,9
0.0,254,GENERATE,5,10
0.0,255,GENERATE,5,11
0.0,256,GENERATE,5,12
0.0,257,GENERATE,5,13
0.0,258,GENERATE,5,14
0.0,259,GENERATE,5,15
0.0,260,GENERATE,5,16
0.0,261,GENERATE,5,17
0.0,262,GENERATE,5,18
0.0,263,GENERATE,5,19
0.0,264,GENERATE,5,20
0.0,265,GENERATE,5,21
0.0,266,GENERATE,5,22
0.0,267,GENERATE,5,23
0.0,268,GENERATE,5,24
0.0,269,GENERATE,5,25
0.0,270,GENERATE,5,26
0.0,271,GENERATE,5,27
0.0,272,GENERATE,5,28
0.0,273,GENERATE,5,29
0.0,274,GENERATE,5,30
0.0,275,GENERATE,5,31
0.0,276,GENERATE,5,32
0.0,277,GENERATE,5,33
0.0,278,GENERATE,5,34
0.0,279,GENERATE,5,35
0.0,280,GENERATE,5,36
0.0,281,GENERATE,5,37
0.0,282,GENERATE,5,38
0.0,283,GENERATE,5,39
0.0,284,GENERATE,5,40
0.0,285,GENERATE,5,41
0.0,286,GENERATE,5,42
0.0,287,GENERATE,5,43
0.0,288,GENERATE,5,44
0.0,289,GENERATE,5,45
0.0,290,GENERATE,5,46
0.0,291,GENERATE,5,47
0.0,292,GENERATE,5,48
0.0,293,GENERATE,5,49
0.0,294,GENERATE,6,0
0.0,295,GENERATE,6,1
0.0,296,GENERATE,6,2
0.0,297,GENERATE,6,3
0.0,298,GENERATE,6,4
0.0,299,GENERATE,6,5
0.0,300,GENERATE,6,7
0.0,301,GENERATE,6,8
0.0,302,GENERATE,6,9
0.0,303,GENERATE,6,10
0.0,304,GENERATE,6,11
0.0,305,GENERATE,6,12
0.0,306,GENERATE,6,13
0.0,307,GENERATE,6,14
0.0,308,GENERATE,6,15
0.0,309,GENERATE,6,16
0.0,310,GENERATE,6,17
0.0,311,GENERATE,6,18
0.0,312,GENERATE,6,19
0.0,313,GENERATE,6,20
0.0,314,GENERATE,6,21
0.0,315,GENERATE,6,22
0.0,316,GENERATE,6,23
0.0,317,GENERATE,6,24
0.0,318,GENERATE,6,25
0.0,319,GENERATE,6,26
0.0,320,GENERATE,6,27
0.0,321,GENERATE,6,28
0.0,322,GENERATE,6,29
0.0,323,GENERATE,6,30
0.0,324,GENERATE,6,31
0.0,325,GENERATE,6,32
0.0,326,GENERATE,6,33
0.0,327,GENERATE,6,34
0.0,328,GENERATE,6,35
0.0,329,GENERATE,6,36
0.0,330,GENERATE,6,37
0.0,331,GENERATE,6,38
0.0,332,GENERATE,6,39
0.0,333,GENERATE,6,40
0.0,334,GENERATE,6,41
0.0,335,GENERATE,6,42
0.0,336,GENERATE,6,43
0.0,337,GENERATE,6,44
0.0,338,GENERATE,6,45
0.0,339,GENERATE,6,46
0.0,340,GENERATE,6,47
0.0,341,GENERATE,6,48
0.0,342,GENERATE,6,49
0.0,343,GENERATE,7,0
0.0,344,GENERATE,7,1
0.0,345,GENERATE,7,2
0.0,346,GENERATE,7,3
0.0,347,GENERATE,7,4
0.0,348,GENERATE,7,5
0.0,349,GENERATE,7,6
0.0,350,GENERATE,7,8
0.0,351,GENERATE,7,9
0.0,352,GENERATE,7,10
0.0,353,GENERATE,7,11
0.0,354,GENERATE,7,12
0.0,355,GENERATE,7,13
0.0,356,GENERATE,7,14
0.0,357,GENERATE,7,15
0.0,358,GENERATE,7,16
0.0,359,GENERATE,7,17
0.0,360,GENERATE,7,18
0.0,361,GENERATE,7,19
0.0,362,GENERATE,7,20
0.0,363,GENERATE,7,21
0.0,364,GENERATE,7,22
0.0,365,GENERATE,7,23
0.0,366,GENERATE,7,24
0.0,367,GENERATE,7,25
0.0,368,GENERATE,7,26
0.0,369,GENERATE,7,27
0.0,370,GENERATE,7,28
0.0,371,GENERATE,7,29
0.0,372,GENERATE,7,30
0.0,373,GENERATE,7,31
0.0,374,GENERATE,7,32
0.0,375,GENERATE,7,33
0.0,376,GENERATE,7,34
0.0,377,GENERATE,7,35
0.0,378,GENERATE,7,36
0.0,379,GENERATE,7,37
0.0,380,GENERATE,7,38
0.0,381,GENERATE,7,39
0.0,382,GENERATE,7,40
0.0,383,GENERATE,7,41
0.0,384,GENERATE,7,42
0.0,385,GENERATE,7,43
0.0,386,GENERATE,7,44
0.0,387,GENERATE,7,45
0.0,388,GENERATE,7,46
0.0,389,GENERATE,7,47
0.0,390,GENERATE,7,48
0.0,391,GENERATE,7,49
0.0,392,GENERATE,8,0
0.0,393,GENERATE,8,1
0.0,394,GENERATE,8,2
0.0,395,GENERATE,8,3
0.0,396,GENERATE,8,4
0.0,397,GENERATE,8,5
0.0,398,GENERATE,8,6
0.0,399,GENERATE,8,7
0.0,400,GENERATE,8,9
0.0,401,GENERATE,8,10
0.0,402,GENERATE,8,11
0.0,403,GENERATE,8,12
0.0,404,GENERATE,8,13
0.0,405,GENERATE,8,14
0.0,406,GENERATE,8,15
0.0,407,GENERATE,8,16
0.0,408,GENERATE,8,17
0.0,409,GENERATE,8,18
0.0,410,GENERATE,8,19
0.0,411,GENERATE,8,20
0.0,412,GENERATE,8,21
0.0,413,GENERATE,8,22
0.0,414,GENERATE,8,23
0.0,415,GENERATE,8,24
0.0,416,GENERATE,8,25
0.0,417,GENERATE,8,26
0.0,418,GENERATE,8,27
0.0,419,GENERATE,8,28
0.0,420,GENERATE,8,29
0.0,421,GENERATE,8,30
0.0,422,GENERATE,8,31
0.0,423,GENERATE,8,32
0.0,424,GENERATE,8,33
0.0,425,GENERATE,8,34
0.0,426,GENERATE,8,35
0.0,427,GENERATE,8,36
0.0,428,GENERATE,8,37
0.0,429,GENERATE,8,38
0.0,430,GENERATE,8,39
0.0,431,GENERATE,8,40
0.0,432,GENERATE,8,41
0.0,433,GENERATE,8,42
0.0,434,GENERATE,8,43
0.0,435,GENERATE,8,44
0.0,436,GENERATE,8,45
0.0,437,GENERATE,8,46
0.0,438,GENERATE,8,47
0.0,439,GENERATE,8,48
0.0,440,GENERATE,8,49
0.0,441,GENERATE,9,0
0.0,442,GENERATE,9,1
0.0,443,GENERATE,9,2
0.0,444,GENERATE,9,3
0.0,445,GENERATE,9,4
0.0,446,GENERATE,9,5
0.0,447,GENERATE,9,6
0.0,448,GENERATE,9,7
0.0,449,GENERATE,9,8
0.0,450,GENERATE,9,10
0.0,451,GENERATE,9,11
0.0,452,GENERATE,9,12
0.0,453,GENERATE,9,13
0.0,454,GENERATE,9,14
0.0,455,GENERATE,9,15
0.0,456,GENERATE,9,16
0.0,457,GENERATE,9,17
0.0,458,GENERATE,9,18
0.0,459,GENERATE,9,19
0.0,460,GENERATE,9,20
0.0,461,GENERATE,9,21
0.0,462,GENERATE,9,22
0.0,463,GENERATE,9,23
0.0,464,GENERATE,9,24
0.0,465,GENERATE,9,25
0.0,466,GENERATE,9,26
0.0,467,GENERATE,9,27
0.0,468,GENERATE,9,28
0.0,469,GENERATE,9,29
0.0,470,GENERATE,9,30
0.0,471,GENERATE,9,31
0.0,472,GENERATE,9,32
0.0,473,GENERATE,9,33
0.0,474,GENERATE,9,34
0.0,475,GENERATE,9,35
0.0,476,GENERATE,9,36
0.0,477,GENERATE,9,37
0.0,478,GENERATE,9,38
0.0,479,GENERATE,9,39
0.0,480,GENERATE,9,40
0.0,481,GENERATE,9,41
0.0,482,GENERATE,9,42
0.0,483,GENERATE,9,43
0.0,484,GENERATE,9,44
0.0,485,GENERATE,9,45
0.0,486,GENERATE,9,46
0.0,487,GENERATE,9,47
0.0,488,GENERATE,9,48
0.0,489,GENERATE,9,49
0.0,490,GENERATE,10,0
0.0,491,GENERATE,10,1
0.0,492,GENERATE,10,2
0.0,493,GENERATE,10,3
0.0,494,GENERATE,10,4
0.0,495,GENERATE,10,5
0.0,496,GENERATE,10,6
0.0,497,GENERATE,10,7
0.0,498,GENERATE,10,8
0.0,499,GENERATE,10,9
0.0,500,GENERATE,10,11
0.0,501,GENERATE,10,12
0.0,502,GENERATE,10,13
0.0,503,GENERATE,10,14
0.0,504,GENERATE,10,15
0.0,505,GENERATE,10,16
0.0,506,GENERATE,10,17
0.0,507,GENERATE,10,18
0.0,508,GENERATE,10,19
0.0,509,GENERATE,10,20
0.0,510,GENERATE,10,21
0.0,511,GENERATE,10,22
0.0,512,GENERATE,10,23
0.0,513,GENERATE,10,24
0.0,514,GENERATE,10,25
0.0,515,GENERATE,10,26
0.0,516,GENERATE,10,27
0.0,517,GENERATE,10,28
0.0,518,GENERATE,10,29
0.0,519,GENERATE,10,30
0.0,520,GENERATE,10,31
0.0,521,GENERATE,10,32
0.0,522,GENERATE,10,33
0.0,523,GENERATE,10,34
0.0,524,GENERATE,10,35
0.0,525,GENERATE,10,36
0.0,526,GENERATE,10,37
0.0,527,GENERATE,10,38
0.0,528,GENERATE,10,39
0.0,529,GENERATE,10,40
0.0,530,GENERATE,10,41
0.0,531,GENERATE,10,42
0.0,532,GENERATE,10,43
0.0,533,GENERATE,10,44
0.0,534,GENERATE,10,45
0.0,535,GENERATE,10,46
0.0,536,GENERATE,10,47
0.0,537,GENERATE,10,48
0.0,538,GENERATE,10,49
0.0,539,GENERATE,11,0
0.0,540,GENERATE,11,1
0.0,541,GENERATE,11,2
0.0,542,GENERATE,11,3
0.0,543,GENERATE,11,4
0.0,544,GENERATE,11,5
0.0,545,GENERATE,11,6
0.0,546,GENERATE,11,7
0.0,547,GENERATE,11,8
0.0,548,GENERATE,11,9
0.0,549,GENERATE,11,10
0.0,550,GENERATE,11,12
0.0,551,GENERATE,11,13
0.0,552,GENERATE,11,14
0.0,553,GENERATE,11,15
0.0,554,GENERATE,11,16
0.0,555,GENERATE,11,17
0.0,556,GENERATE,11,18
0.0,557,GENERATE,11,19
0.0,558,GENERATE,11,20
0.0,559,GENERATE,11,21
0.0,560,GENERATE,11,22
0.0,561,GENERATE,11,23
0.0,562,GENERATE,11,24
0.0,563,GENERATE,11,25
0.0,564,GENERATE,11,26
0.0,565,GENERATE,11,27
0.0,566,GENERATE,11,28
0.0,567,GENERATE,11,29
0.0,568,GENERATE,11,30
0.0,569,GENERATE,11,31
0.0,570,GENERATE,11,32
0.0,571,GENERATE,11,33
0.0,572,GENERATE,11,34
0.0,573,GENERATE,11,35
0.0,574,GENERATE,11,36
0.0,575,GENERATE,11,37
0.0,576,GENERATE,11,38
0.0,577,GENERATE,11,39
0.0,578,GENERATE,11,40
0.0,579,GENERATE,11,41
0.0,580,GENERATE,11,42
0.0,581,GENERATE,11,43
0.0,582,GENERATE,11,44
0.0,583,GENERATE,11,45
0.0,584,GENERATE,11,46
0.0,585,GENERATE,11,47
0.0,586,GENERATE,11,48
0.0,587,GENERATE,11,49
0.0,588,GENERATE,12,0
0.0,589,GENERATE,12,1
0.0,590,GENERATE,12,2
0.0,591,GENERATE,12,3
0.0,592,GENERATE,12,4
0.0,593,GENERATE,12,5
0.0,594,GENERATE,12,6
0.0,595,GENERATE,12,7
0.0,596,GENERATE,12,8
0.0,597,GENERATE,12,9
0.0,598,GENERATE,12,10
0.0,599,GENERATE,12,11
0.0,600,GENERATE,12,13
0.0,601,GENERATE,12,14
0.0,602,GENERATE,12,15
0.0,603,GENERATE,12,16
0.0,604,GENERATE,12,17
0.0,605,GENERATE,12,18
0.0,606,GENERATE,12,19
0.0,607,GENERATE,12,20
0.0,608,GENERATE,12,21
0.0,609,GENERATE,12,22
0.0,610,GENERATE,12,23
0.0,611,GENERATE,12,24
0.0,612,GENERATE,12,25
0.0,613,GENERATE,12,26
0.0,614,GENERATE,12,27
0.0,615,GENERATE,12,28
0.0,616,GENERATE,12,29
0.0,617,GENERATE,12,30
0.0,618,GENERATE,12,31
0.0,619,GENERATE,12,32
0.0,620,GENERATE,12,33
0.0,621,GENERATE,12,34
0.0,622,GENERATE,12,35
0.0,623,GENERATE,12,36
0.0,624,GENERATE,12,37
0.0,625,GENERATE,12,38
0.0,626,GENERATE,12,39
0.0,627,GENERATE,12,40
0.0,628,GENERATE,12,41
0.0,629,GENERATE,12,42
0.0,630,GENERATE,12,43
0.0,631,GENERATE,12,44
0.0,632,GENERATE,12,45
0.0,633,GENERATE,12,46
0.0,634,GENERATE,12,47
0.0,635,GENERATE,12,48
0.0,636,GENERATE,12,49
0.0,637,GENERATE,13,0
0.0,638,GENERATE,13,1
0.0,639,GENERATE,13,2
0.0,640,GENERATE,13,3
0.0,641,GENERATE,13,4
0.0,642,GENERATE,13,5
0.0,643,GENERATE,13,6
0.0,644,GENERATE,13,7
0.0,645,GENERATE,13,8
0.0,646,GENERATE,13,9
0.0,647,GENERATE,13,10
0.0,648,GENERATE,13,11
0.0,649,GENERATE,13,12
0.0,650,GENERATE,13,14
0.0,651,GENERATE,13,15
0.0,652,GENERATE,13,16
0.0,653,GENERATE,13,17
0.0,654,GENERATE,13,18
0.0,655,GENERATE,13,19
0.0,656,GENERATE,13,20
0.0,657,GENERATE,13,21
0.0,658,GENERATE,13,22
0.0,659,GENERATE,13,23
0.0,660,GENERATE,13,24
0.0,661,GENERATE,13,25
0.0,662,GENERATE,13,26
0.0,663,GENERATE,13,27
0.0,664,GENERATE,13,28
0.0,665,GENERATE,13,29
0.0,666,GENERATE,13,30
0.0,667,GENERATE,13,31
0.0,668,GENERATE,13,32
0.0,669,GENERATE,13,33
0.0,670,GENERATE,13,34
0.0,671,GENERATE,13,35
0.0,672,GENERATE,13,36
0.0,673,GENERATE,13,37
0.0,674,GENERATE,13,38
0.0,675,GENERATE,13,39
0.0,676,GENERATE,13,40
0.0,677,GENERATE,13,41
0.0,678,GENERATE,13,42
0.0,679,GENERATE,13,43
0.0,680,GENERATE,13,44
0.0,681,GENERATE,13,45
0.0,682,GENERATE,13,46
0.0,683,GENERATE,13,47
0.0,684,GENERATE,13,48
0.0,685,GENERATE,13,49
0.0,686,GENERATE,14,0
0.0,687,GENERATE,14,1
0.0,688,GENERATE,14,2
0.0,689,GENERATE,14,3
0.0,690,GENERATE,14,4
0.0,691,GENERATE,14,5
0.0,692,GENERATE,14,6
0.0,693,GENERATE,14,7
0.0,694,GENERATE,14,8
0.0,695,GENERATE,14,9
0.0,696,GENERATE,14,10
0.0,697,GENERATE,14,11
0.0,698,GENERATE,14,12
0.0,699,GENERATE,14,13
0.0,700,GENERATE,14,15
0.0,701,GENERATE,14,16
0.0,702,GENERATE,14,17
0.0,703,GENERATE,14,18
0.0,704,GENERATE,14,19
0.0,705,GENERATE,14,20
0.0,706,GENERATE,14,21
0.0,707,GENERATE,14,22
0.0,708,GENERATE,14,23
0.0,709,GENERATE,14,24
0.0,710,GENERATE,14,25
0.0,711,GENERATE,14,26
0.0,712,GENERATE,14,27
0.0,713,GENERATE,14,28
0.0,714,GENERATE,14,29
0.0,715,GENERATE,14,30
0.0,716,GENERATE,14,31
0.0,717,GENERATE,14,32
0.0,718,GENERATE,14,33
0.0,719,GENERATE,14,34
0.0,720,GENERATE,14,35
0.0,721,GENERATE,14,36
0.0,722,GENERATE,14,37
0.0,723,GENERATE,14,38
0.0,724,GENERATE,14,39
0.0,725,GENERATE,14,40
0.0,726,GENERATE,14,41
0.0,727,GENERATE,14,42
0.0,728,GENERATE,14,43
0.0,729,GENERATE,14,44
0.0,730,GENERATE,14,45
0.0,731,GENERATE,14,46
0.0,732,GENERATE,14,47
0.0,733,GENERATE,14,48
0.0,734,GENERATE,14,49
0.0,735,GENERATE,15,0
0.0,736,GENERATE,15,1
0.0,737,GENERATE,15,2
0.0,738,GENERATE,15,3
0.0,739,GENERATE,15,4
0.0,740,GENERATE,15,5
0.0,741,GENERATE,15,6
0.0,742,GENERATE,15,7
0.0,743,GENERATE,15,8
0.0,744,GENERATE,15,9
0.0,745,GENERATE,15,10
0.0,746,GENERATE,15,11
0.0,747,GENERATE,15,12
0.0,748,GENERATE,15,13
0.0,749,GENERATE,15,14
0.0,750,GENERATE,15,16
0.0,751,GENERATE,15,17
0.0,752,GENERATE,15,18
0.0,753,GENERATE,15,19
0.0,754,GENERATE,15,20
0.0,755,GENERATE,15,21
0.0,756,GENERATE,15,22
0.0,757,GENERATE,15,23
0.0,758,GENERATE,15,24
0.0,759,GENERATE,15,25
0.0,760,GENERATE,15,26
0.0,761,GENERATE,15,27
0.0,762,GENERATE,15,28
0.0,763,GENERATE,15,29
0.0,764,GENERATE,15,30
0.0,765,GENERATE,15,31
0.0,766,GENERATE,15,32
0.0,767,GENERATE,15,33
0.0,768,GENERATE,15,34
0.0,769,GENERATE,15,35
0.0,770,GENERATE,15,36
0.0,771,GENERATE,15,37
0.0,772,GENERATE,15,38
0.0,773,GENERATE,15,39
0.0,774,GENERATE,15,40
0.0,775,GENERATE,15,41
0.0,776,GENERATE,15,42
0.0,777,GENERATE,15,43
0.0,778,GENERATE,15,44
0.0,779,GENERATE,15,45
0.0,780,GENERATE,15,46
0.0,781,GENERATE,15,47
0.0,782,GENERATE,15,48
0.0,783,GENERATE,15,49
0.0,784,GENERATE,16,0
0.0,785,GENERATE,16,1
0.0,786,GENERATE,16,2
0.0,787,GENERATE,16,3
0.0,788,GENERATE,16,4
0.0,789,GENERATE,16,5
0.0,790,GENERATE,16,6
0.0,791,GENERATE,16,7
0.0,792,GENERATE,16,8
0.0,793,GENERATE,16,9
0.0,794,GENERATE,16,10
0.0,795,GENERATE,16,11
0.0,796,GENERATE,16,12
0.0,797,GENERATE,16,13
0.0,798,GENERATE,16,14
0.0,799,GENERATE,16,15
0.0,800,GENERATE,16,17
0.0,801,GENERATE,16,18
0.0,802,GENERATE,16,19
0.0,803,GENERATE,16,20
0.0,804,GENERATE,16,21
0.0,805,GENERATE,16,22
0.0,806,GENERATE,16,23
0.0,807,GENERATE,16,24
0.0,808,GENERATE,16,25
0.0,809,GENERATE,16,26
0.0,810,GENERATE,16,27
0.0,811,GENERATE,16,28
0.0,812,GENERATE,16,29
0.0,813,GENERATE,16,30
0.0,814,GENERATE,16,31
0.0,815,GENERATE,16,32
0.0,816,GENERATE,16,33
0.0,817,GENERATE,16,34
0.0,818,GENERATE,16,35
0.0,819,GENERATE,16,36
0.0,820,GENERATE,16,37
0.0,821,GENERATE,16,38
0.0,822,GENERATE,16,39
0.0,823,GENERATE,16,40
0.0,824,GENERATE,16,41
0.0,825,GENERATE,16,42
0.0,826,GENERATE,16,43
0.0,827,GENERATE,16,44
0.0,828,GENERATE,16,45
0.0,829,GENERATE,16,46
0.0,830,GENERATE,16,47
0.0,831,GENERATE,16,48
0.0,832,GENERATE,16,49
0.0,833,GENERATE,17,0
0.0,834,GENERATE,17,1
0.0,835,GENERATE,17,2
0.0,836,GENERATE,17,3
0.0,837,GENERATE,17,4
0.0,838,GENERATE,17,5
0.0,839,GENERATE,17,6
0.0,840,GENERATE,17,7
0.0,841,GENERATE,17,8
0.0,842,GENERATE,17,9
0.0,843,GENERATE,17,10
0.0,844,GENERATE,17,11
0.0,845,GENERATE,17,12
0.0,846,GENERATE,17,13
0.0,847,GENERATE,17,14
0.0,848,GENERATE,17,15
0.0,849,GENERATE,17,16
0.0,850,GENERATE,17,18
0.0,851,GENERATE,17,19
0.0,852,GENERATE,17,20
0.0,853,GENERATE,17,21
0.0,854,GENERATE,17,22
0.0,855,GENERATE,17,23
0.0,856,GENERATE,17,24
0.0,857,GENERATE,17,25
0.0,858,GENERATE,17,26
0.0,859,GENERATE,17,27
0.0,860,GENERATE,17,28
0.0,861,GENERATE,17,29
0.0,862,GENERATE,17,30
0.0,863,GENERATE,17,31
0.0,864,GENERATE,17,32
0.0,865,GENERATE,17,33
0.0,866,GENERATE,17,34
0.0,867,GENERATE,17,35
0.0,868,GENERATE,17,36
0.0,869,GENERATE,17,37
0.0,870,GENERATE,17,38
0.0,871,GENERATE,17,39
0.0,872,GENERATE,17,40
0.0,873,GENERATE,17,41
0.0,874,GENERATE,17,42
0.0,875,GENERATE,17,43
0.0,876,GENERATE,17,44
0.0,877,GENERATE,17,45
0.0,878,GENERATE,17,46
0.0,879,GENERATE,17,47
0.0,880,GENERATE,17,48
0.0,881,GENERATE,17,49
0.0,882,GENERATE,18,0
0.0,883,GENERATE,18,1
0.0,884,GENERATE,18,2
0.0,885,GENERATE,18,3
0.0,886,GENERATE,18,4
0.0,887,GENERATE,18,5
0.0,888,GENERATE,18,6
0.0,889,GENERATE,18,7
0.0,890,GENERATE,18,8
0.0,891,GENERATE,18,9
0.0,892,GENERATE,18,10
0.0,893,GENERATE,18,11
0.0,894,GENERATE,18,12
0.0,895,GENERATE,18,13
0.0,896,GENERATE,18,14
0.0,897,GENERATE,18,15
0.0,898,GENERATE,18,16
0.0,899,GENERATE,18,17
0.0,900,GENERATE,18,19
0.0,901,GENERATE,18,20
0.0,902,GENERATE,18,21
0.0,903,GENERATE,18,22
0.0,904,GENERATE,18,23
0.0,905,GENERATE,18,24
0.0,906,GENERATE,18,25
0.0,907,GENERATE,18,26
0.0,908,GENERATE,18,27
0.0,909,GENERATE,18,28
0.0,910,GENERATE,18,29
0.0,911,GENERATE,18,30
0.0,912,GENERATE,18,31
0.0,913,GENERATE,18,32
0.0,914,GENERATE,18,33
0.0,915,GENERATE,18,34
0.0,916,GENERATE,18,35
0.0,917,GENERATE,18,36
0.0,918,GENERATE,18,37
0.0,919,GENERATE,18,38
0.0,920,GENERATE,18,39
0.0,921,GENERATE,18,40
0.0,922,GENERATE,18,41
0.0,923,GENERATE,18,42
0.0,924,GENERATE,18,43
0.0,925,GENERATE,18,44
0.0,926,GENERATE,18,45
0.0,927,GENERATE,18,46
0.0,928,GENERATE,18,47
0.0,929,GENERATE,18,48
0.0,930,GENERATE,18,49
0.0,931,GENERATE,19,0
0.0,932,GENERATE,19,1
0.0,933,GENERATE,19,2
0.0,934,GENERATE,19,3
0.0,935,GENERATE,19,4
0.0,936,GENERATE,19,5
0.0,937,GENERATE,19,6
0.0,938,GENERATE,19,7
0.0,939,GENERATE,19,8
0.0,940,GENERATE,19,9
0.0,941,GENERATE,19,10
0.0,942,GENERATE,19,11
0.0,943,GENERATE,19,12
0.0,944,GENERATE,19,13
0.0,945,GENERATE,19,14
0.0,946,GENERATE,19,15
0.0,947,GENERATE,19,16
0.0,948,GENERATE,19,17
0.0,949,GENERATE,19,18
0.0,950,GENERATE,19,20
0.0,951,GENERATE,19,21
0.0,952,GENERATE,19,22
0.0,953,GENERATE,19,23
0.0,954,GENERATE,19,24
0.0,955,GENERATE,19,25
0.0,956,GENERATE,19,26
0.0,957,GENERATE,19,27
0.0,958,GENERATE,19,28
0.0,959,GENERATE,19,29
0.0,960,GENERATE,19,30
0.0,961,GENERATE,19,31
0.0,962,GENERATE,19,32
0.0,963,GENERATE,19,33
0.0,964,GENERATE,19,34
0.0,965,GENERATE,19,35
0.0,966,GENERATE,19,36
0.0,967,GENERATE,19,37
0.0,968,GENERATE,19,38
0.0,969,GENERATE,19,39
0.0,970,GENERATE,19,40
0.0,971,GENERATE,19,41
0.0,972,GENERATE,19,42
0.0,973,GENERATE,19,43
0.0,974,GENERATE,19,44
0.0,975,GENERATE,19,45
0.0,976,GENERATE,19,46
0.0,977,GENERATE,19,47
0.0,978,GENERATE,19,48
0.0,979,GENERATE,19,49
0.0,980,GENERATE,20,0
0.0,981,GENERATE,20,1
0.0,982,GENERATE,20,2
0.0,983,GENERATE,20,3
0.0,984,GENERATE,20,4
0.0,985,GENERATE,20,5
0.0,986,GENERATE,20,6
0.0,987,GENERATE,20,7
0.0,988,GENERATE,20,8
0.0,989,GENERATE,20,9
0.0,990,GENERATE,20,10
0.0,991,GENERATE,20,11
0.0,992,GENERATE,20,12
0.0,993,GENERATE,20,13
0.0,994,GENERATE,20,14
0.0,995,GENERATE,20,15
0.0,996,GENERATE,20,16
0.0,997,GENERATE,20,17
0.0,998,GENERATE,20,18
0.0,999,GENERATE,20,19
0.0,1000,GENERATE,20,21
0.0,1001,GENERATE,20,22
0.0,1002,GENERATE,20,23
0.0,1003,GENERATE,20,24
0.0,1004,GENERATE,20,25
0.0,1005,GENERATE,20,26
0.0,1006,GENERATE,20,27
0.0,1007,GENERATE,20,28
0.0,1008,GENERATE,20,29
0.0,1009,GENERATE,20,30
0.0,1010,GENERATE,20,31
0.0,1011,GENERATE,20,32
0.0,1012,GENERATE,20,33
0.0,1013,GENERATE,20,34
0.0,1014,GENERATE,20,35
0.0,1015,GENERATE,20,36
0.0,1016,GENERATE,20,37
0.0,1017,GENERATE,20,38
0.0,1018,GENERATE,20,39
0.0,1019,GENERATE,20,40
0.0,1020,GENERATE,20,41
0.0,1021,GENERATE,20,42
0.0,1022,GENERATE,20,43
0.0,1023,GENERATE,20,44
0.0,1024,GENERATE,20,45
0.0,1025,GENERATE,20,46
0.0,1026,GENERATE,20,47
0.0,1027,GENERATE,20,48
0.0,1028,GENERATE,20,49
0.0,1029,GENERATE,21,0
0.0,1030,GENERATE,21,1
0.0,1031,GENERATE,21,2
0.0,1032,GENERATE,21,3
0.0,1033,GENERATE,21,4
0.0,1034,GENERATE,21,5
0.0,1035,GENERATE,21,6
0.0,1036,GENERATE,21,7
0.0,1037,GENERATE,21,8
0.0,1038,GENERATE,21,9
0.0,1039,GENERATE,21,10
0.0,1040,GENERATE,21,11
0.0,1041,GENERATE,21,12
0.0,1042,GENERATE,21,13
0.0,1043,GENERATE,21,14
0.0,1044,GENERATE,21,15
0.0,1045,GENERATE,21,16
0.0,1046,GENERATE,21,17
0.0,1047,GENERATE,21,18
0.0,1048,GENERATE,21,19
0.0,1049,GENERATE,21,20
0.0,1050,GENERATE,21,22
0.0,1051,GENERATE,21,23
0.0,1052,GENERATE,21,24
0.0,1053,GENERATE,21,25
0.0,1054,GENERATE,21,26
0.0,1055,GENERATE,21,27
0.0,1056,GENERATE,21,28
0.0,1057,GENERATE,21,29
0.0,1058,GENERATE,21,30
0.0,1059,GENERATE,21,31
0.0,1060,GENERATE,21,32
0.0,1061,GENERATE,21,33
0.0,1062,GENERATE,21,34
0.0,1063,GENERATE,21,35
0.0,1064,GENERATE,21,36
0.0,1065,GENERATE,21,37
0.0,1066,GENERATE,21,38
0.0,1067,GENERATE,21,39
0.0,1068,GENERATE,21,40
0.0,1069,GENERATE,21,41
0.0,1070,GENERATE,21,42
0.0,1071,GENERATE,21,43
0.0,1072,GENERATE,21,44
0.0,1073,GENERATE,21,45
0.0,1074,GENERATE,21,46
0.0,1075,GENERATE,21,47
0.0,1076,GENERATE,21,48
0.0,1077,GENERATE,21,49
0.0,1078,GENERATE,22,0
0.0,1079,GENERATE,22,1
0.0,1080,GENERATE,22,2
0.0,1081,GENERATE,22,3
0.0,1082,GENERATE,22,4
0.0,1083,GENERATE,22,5
0.0,1084,GENERATE,22,6
0.0,1085,GENERATE,22,7
0.0,1086,GENERATE,22,8
0.0,1087,GENERATE,22,9
0.0,1088,GENERATE,22,10
0.0,1089,GENERATE,22,11
0.0,1090,GENERATE,22,12
0.0,1091,GENERATE,22,13
0.0,1092,GENERATE,22,14
0.0,1093,GENERATE,22,15
0.0,1094,GENERATE,22,16
0.0,1095,GENERATE,22,17
0.0,1096,GENERATE,22,18
0.0,1097,GENERATE,22,19
0.0,1098,GENERATE,22,20
0.0,1099,GENERATE,22,21
0.0,1100,GENERATE,22,23
0.0,1101,GENERATE,22,24
0.0,1102,GENERATE,22,25
0.0,1103,GENERATE,22,26
0.0,1104,GENERATE,22,27
0.0,1105,GENERATE,22,28
0.0,1106,GENERATE,22,29
0.0,1107,GENERATE,22,30
0.0,1108,GENERATE,22,31
0.0,1109,GENERATE,22,32
0.0,1110,GENERATE,22,33
0.0,1111,GENERATE,22,34
0.0,1112,GENERATE,22,35
0.0,1113,GENERATE,22,36
0.0,1114,GENERATE,22,37
0.0,1115,GENERATE,22,38
0.0,1116,GENERATE,22,39
0.0,1117,GENERATE,22,40
0.0,1118,GENERATE,22,41
0.0,1119,GENERATE,22,42
0.0,1120,GENERATE,22,43
0.0,1121,GENERATE,22,44
0.0,1122,GENERATE,22,45
0.0,1123,GENERATE,22,46
0.0,1124,GENERATE,22,47
0.0,1125,GENERATE,22,48
0.0,1126,GENERATE,22,49
0.0,1127,GENERATE,23,0
0.0,1128,GENERATE,23,1
0.0,1129,GENERATE,23,2
0.0,1130,GENERATE,23,3
0.0,1131,GENERATE,23,4
0.0,1132,GENERATE,23,5
0.0,1133,GENERATE,23,6
0.0,1134,GENERATE,23,7
0.0,1135,GENERATE,23,8
0.0,1136,GENERATE,23,9
0.0,1137,GENERATE,23,10
0.0,1138,GENERATE,23,11
0.0,1139,GENERATE,23,12
0.0,1140,GENERATE,23,13
0.0,1141,GENERATE,23,14
0.0,1142,GENERATE,23,15
0.0,1143,GENERATE,23,16
0.0,1144,GENERATE,23,17
0.0,1145,GENERATE,23,18
0.0,1146,GENERATE,23,19
0.0,1147,GENERATE,23,20
0.0,1148,GENERATE,23,21
0.0,1149,GENERATE,23,22
0.0,1150,GENERATE,23,24
0.0,1151,GENERATE,23,25
0.0,1152,GENERATE,23,26
0.0,1153,GENERATE,23,27
0.0,1154,GENERATE,23,28
0.0,1155,GENERATE,23,29
0.0,1156,GENERATE,23,30
0.0,1157,GENERATE,23,31
0.0,1158,GENERATE,23,32
0.0,1159,GENERATE,23,33
0.0,1160,GENERATE,23,34
0.0,1161,GENERATE,23,35
0.0,1162,GENERATE,23,36
0.0,1163,GENERATE,23,37
0.0,1164,GENERATE,23,38
0.0,1165,GENERATE,23,39
0.0,1166,GENERATE,23,40
0.0,1167,GENERATE,23,41
0.0,1168,GENERATE,23,42
0.0,1169,GENERATE,23,43
0.0,1170,GENERATE,23,44
0.0,1171,GENERATE,23,45
0.0,1172,GENERATE,23,46
0.0,1173,GENERATE,23,47
0.0,1174,GENERATE,23,48
0.0,1175,GENERATE,23,49
0.0,1176,GENERATE,24,0
0.0,1177,GENERATE,24,1
0.0,1178,GENERATE,24,2
0.0,1179,GENERATE,24,3
0.0,1180,GENERATE,24,4
0.0,1181,GENERATE,24,5
0.0,1182,GENERATE,24,6
0.0,1183,GENERATE,24,7
0.0,1184,GENERATE,24,8
0.0,1185,GENERATE,24,9
0.0,1186,GENERATE,24,10
0.0,1187,GENERATE,24,11
0.0,1188,GENERATE,24,12
0.0,1189,GENERATE,24,13
0.0,1190,GENERATE,24,14
0.0,1191,GENERATE,24,15
0.0,1192,GENERATE,24,16
0.0,1193,GENERATE,24,17
0.0,1194,GENERATE,24,18
0.0,1195,GENERATE,24,19
0.0,1196,GENERATE,24,20
0.0,1197,GENERATE,24,21
0.0,1198,GENERATE,24,22
0.0,1199,GENERATE,24,23
0.0,1200,GENERATE,24,25
0.0,1201,GENERATE,24,26
0.0,1202,GENERATE,24,27
0.0,1203,GENERATE,24,28
0.0,1204,GENERATE,24,29
0.0,1205,GENERATE,24,30
0.0,1206,GENERATE,24,31
0.0,1207,GENERATE,24,32
0.0,1208,GENERATE,24,33
0.0,1209,GENERATE,24,34
0.0,1210,GENERATE,24,35
0.0,1211,GENERATE,24,36
0.0,1212,GENERATE,24,37
0.0,1213,GENERATE,24,38
0.0,1214,GENERATE,24,39
0.0,1215,GENERATE,24,40
0.0,1216,GENERATE,24,41
0.0,1217,GENERATE,24,42
0.0,1218,GENERATE,24,43
0.0,1219,GENERATE,24,44
0.0,1220,GENERATE,24,45
0.0,1221,GENERATE,24,46
0.0,1222,GENERATE,24,47
0.0,1223,GENERATE,24,48
0.0,1224,GENERATE,24,49
0.0,1225,GENERATE,25,0
0.0,1226,GENERATE,25,1
0.0,1227,GENERATE,25,2
0.0,1228,GENERATE,25,3
0.0,1229,GENERATE,25,4
0.0,1230,GENERATE,25,5
0.0,1231,GENERATE,25,6
0.0,1232,GENERATE,25,7
0.0,1233,GENERATE,25,8
0.0,1234,GENERATE,25,9
0.0,1235,GENERATE,25,10
0.0,1236,GENERATE,25,11
0.0,1237,GENERATE,25,12
0.0,1238,GENERATE,25,13
0.0,1239,GENERATE,25,14
0.0,1240,GENERATE,25,15
0.0,1241,GENERATE,25,16
0.0,1242,GENERATE,25,17
0.0,1243,GENERATE,25,18
0.0,1244,GENERATE,25,19
0.0,1245,GENERATE,25,20
0.0,1246,GENERATE,25,21
0.0,1247,GENERATE,25,22
0.0,1248,GENERATE,25,23
0.0,1249,GENERATE,25,24
0.0,1250,GENERATE,25,26
0.0,1251,GENERATE,25,27
0.0,1252,GENERATE,25,28
0.0,1253,GENERATE,25,29
0.0,1254,GENERATE,25,30
0.0,1255,GENERATE,25,31
0.0,1256,GENERATE,25,32
0.0,1257,GENERATE,25,33
0.0,1258,GENERATE,25,34
0.0,1259,GENERATE,25,35
0.0,1260,GENERATE,25,36
0.0,1261,GENERATE,25,37
0.0,1262,GENERATE,25,38
0.0,1263,GENERATE,25,39
0.0,1264,GENERATE,25,40
0.0,1265,GENERATE,25,41
0.0,1266,GENERATE,25,42
0.0,1267,GENERATE,25,43
0.0,1268,GENERATE,25,44
0.0,1269,GENERATE,25,45
0.0,1270,GENERATE,25,46
0.0,1271,GENERATE,25,47
0.0,1272,GENERATE,25,48
0.0,1273,GENERATE,25,49
0.0,1274,GENERATE,26,0
0.0,1275,GENERATE,26,1
0.0,1276,GENERATE,26,2
0.0,1277,GENERATE,26,3
0.0,1278,GENERATE,26,4
0.0,1279,GENERATE,26,5
0.0,1280,GENERATE,26,6
0.0,1281,GENERATE,26,7
0.0,1282,GENERATE,26,8
0.0,1283,GENERATE,26,9
0.0,1284,GENERATE,26,10
0.0,1285,GENERATE,26,11
0.0,1286,GENERATE,26,12
0.0,1287,GENERATE,26,13
0.0,1288,GENERATE,26,14
0.0,1289,GENERATE,26,15
0.0,1290,GENERATE,26,16
0.0,1291,GENERATE,26,17
0.0,1292,GENERATE,26,18
0.0,1293,GENERATE,26,19
0.0,1294,GENERATE,26,20
0.0,1295,GENERATE,26,21
0.0,1296,GENERATE,26,22
0.0,1297,GENERATE,26,23
0.0,1298,GENERATE,26,24
0.0,1299,GENERATE,26,25
0.0,1300,GENERATE,26,27
0.0,1301,GENERATE,26,28
0.0,1302,GENERATE,26,29
0.0,1303,GENERATE,26,30
0.0,1304,GENERATE,26,31
0.0,1305,GENERATE,26,32
0.0,1306,GENERATE,26,33
0.0,1307,GENERATE,26,34
0.0,1308,GENERATE,26,35
0.0,1309,GENERATE,26,36
0.0,1310,GENERATE,26,37
0.0,1311,GENERATE,26,38
0.0,1312,GENERATE,26,39
0.0,1313,GENERATE,26,40
0.0,1314,GENERATE,26,41
0.0,1315,GENERATE,26,42
0.0,1316,GENERATE,26,43
0.0,1317,GENERATE,26,44
0.0,1318,GENERATE,26,45
0.0,1319,GENERATE,26,46
0.0,1320,GENERATE,26,47
0.0,1321,GENERATE,26,48
0.0,1322,GENERATE,26,49
0.0,1323,GENERATE,27,0
0.0,1324,GENERATE,27,1
0.0,1325,GENERATE,27,2
0.0,1326,GENERATE,27,3
0.0,1327,GENERATE,27,4
0.0,1328,GENERATE,27,5
0.0,1329,GENERATE,27,6
0.0,1330,GENERATE,27,7
0.0,1331,GENERATE,27,8
0.0,1332,GENERATE,27,9
0.0,1333,GENERATE,27,10
0.0,1334,GENERATE,27,11
0.0,1335,GENERATE,27,12
0.0,1336,GENERATE,27,13
0.0,1337,GENERATE,27,14
0.0,1338,GENERATE,27,15
0.0,1339,GENERATE,27,16
0.0,1340,GENERATE,27,17
0.0,1341,GENERATE,27,18
0.0,1342,GENERATE,27,19
0.0,1343,GENERATE,27,20
0.0,1344,GENERATE,27,21
0.0,1345,GENERATE,27,22
0.0,1346,GENERATE,27,23
0.0,1347,GENERATE,27,24
0.0,1348,GENERATE,27,25
0.0,1349,GENERATE,27,26
0.0,1350,GENERATE,27,28
0.0,1351,GENERATE,27,29
0.0,1352,GENERATE,27,30
0.0,1353,GENERATE,27,31
0.0,1354,GENERATE,27,32
0.0,1355,GENERATE,27,33
0.0,1356,GENERATE,27,34
0.0,1357,GENERATE,27,35
0.0,1358,GENERATE,27,36
0.0,1359,GENERATE,27,37
0.0,1360,GENERATE,27,38
0.0,1361,GENERATE,27,39
0.0,1362,GENERATE,27,40
0.0,1363,GENERATE,27,41
0.0,1364,GENERATE,27,42
0.0,1365,GENERATE,27,43
0.0,1366,GENERATE,27,44
0.0,1367,GENERATE,27,45
0.0,1368,GENERATE,27,46
0.0,1369,GENERATE,27,47
0.0,1370,GENERATE,27,48
0.0,1371,GENERATE,27,49
0.0,1372,GENERATE,28,0
0.0,1373,GENERATE,28,1
0.0,1374,GENERATE,28,2
0.0,1375,GENERATE,28,3
0.0,1376,GENERATE,28,4
0.0,1377,GENERATE,28,5
0.0,1378,GENERATE,28,6
0.0,1379,GENERATE,28,7
0.0,1380,GENERATE,28,8
0.0,1381,GENERATE,28,9
0.0,1382,GENERATE,28,10
0.0,1383,GENERATE,28,11
0.0,1384,GENERATE,28,12
0.0,1385,GENERATE,28,13
0.0,1386,GENERATE,28,14
0.0,1387,GENERATE,28,15
0.0,1388,GENERATE,28,16
0.0,1389,GENERATE,28,17
0.0,1390,GENERATE,28,18
0.0,1391,GENERATE,28,19
0.0,1392,GENERATE,28,20
0.0,1393,GENERATE,28,21
0.0,1394,GENERATE,28,22
0.0,1395,GENERATE,28,23
0.0,1396,GENERATE,28,24
0.0,1397,GENERATE,28,25
0.0,1398,GENERATE,28,26
0.0,1399,GENERATE,28,27
0.0,1400,GENERATE,28,29
0.0,1401,GENERATE,28,30
0.0,1402,GENERATE,28,31
0.0,1403,GENERATE,28,32
0.0,1404,GENERATE,28,33
0.0,1405,GENERATE,28,34
0.0,1406,GENERATE,28,35
0.0,1407,GENERATE,28,36
0.0,1408,GENERATE,28,37
0.0,1409,GENERATE,28,38
0.0,1410,GENERATE,28,39
0.0,1411,GENERATE,28,40
0.0,1412,GENERATE,28,41
0.0,1413,GENERATE,28,42
0.0,1414,GENERATE,28,43
0.0,1415,GENERATE,28,44
0.0,1416,GENERATE,28,45
0.0,1417,GENERATE,28,46
0.0,1418,GENERATE,28,47
0.0,1419,GENERATE,28,48
0.0,1420,GENERATE,28,49
0.0,1421,GENERATE,29,0
0.0,1422,GENERATE,29,1
0.0,1423,GENERATE,29,2
0.0,1424,GENERATE,29,3
0.0,1425,GENERATE,29,4
0.0,1426,GENERATE,29,5
0.0,1427,GENERATE,29,6
0.0,1428,GENERATE,29,7
0.0,1429,GENERATE,29,8
0.0,1430,GENERATE,29,9
0.0,1431,GENERATE,29,10
0.0,1432,GENERATE,29,11
0.0,1433,GENERATE,29,12
0.0,1434,GENERATE,29,13
0.0,1435,GENERATE,29,14
0.0,1436,GENERATE,29,15
0.0,1437,GENERATE,29,16
0.0,1438,GENERATE,29,17
0.0,1439,GENERATE,29,18
0.0,1440,GENERATE,29,19
0.0,1441,GENERATE,29,20
0.0,1442,GENERATE,29,21
0.0,1443,GENERATE,29,22
0.0,1444,GENERATE,29,23
0.0,1445,GENERATE,29,24
0.0,1446,GENERATE,29,25
0.0,1447,GENERATE,29,26
0.0,1448,GENERATE,29,27
0.0,1449,GENERATE,29,28
0.0,1450,GENERATE,29,30
0.0,1451,GENERATE,29,31
0.0,1452,GENERATE,29,32
0.0,1453,GENERATE,29,33
0.0,1454,GENERATE,29,34
0.0,1455,GENERATE,29,35
0.0,1456,GENERATE,29,36
0.0,1457,GENERATE,29,37
0.0,1458,GENERATE,29,38
0.0,1459,GENERATE,29,39
0.0,1460,GENERATE,29,40
0.0,1461,GENERATE,29,41
0.0,1462,GENERATE,29,42
0.0,1463,GENERATE,29,43
0.0,1464,GENERATE,29,44
0.0,1465,GENERATE,29,45
0.0,1466,GENERATE,29,46
0.0,1467,GENERATE,29,47
0.0,1468,GENERATE,29,48
0.0,1469,GENERATE,29,49
0.0,1470,GENERATE,30,0
0.0,1471,GENERATE,30,1
0.0,1472,GENERATE,30,2
0.0,1473,GENERATE,30,3
0.0,1474,GENERATE,30,4
0.0,1475,GENERATE,30,5
0.0,1476,GENERATE,30,6
0.0,1477,GENERATE,30,7
0.0,1478,GENERATE,30,8
0.0,1479,GENERATE,30,9
0.0,1480,GENERATE,30,10
0.0,1481,GENERATE,30,11
0.0,1482,GENERATE,30,12
0.0,1483,GENERATE,30,13
0.0,1484,GENERATE,30,14
0.0,1485,GENERATE,30,15
0.0,1486,GENERATE,30,16
0.0,1487,GENERATE,30,17
0.0,1488,GENERATE,30,18
0.0,1489,GENERATE,30,19
0.0,1490,GENERATE,30,20
0.0,1491,GENERATE,30,21
0.0,1492,GENERATE,30,22
0.0,1493,GENERATE,30,23
0.0,1494,GENERATE,30,24
0.0,1495,GENERATE,30,25
0.0,1496,GENERATE,30,26
0.0,1497,GENERATE,30,27
0.0,1498,GENERATE,30,28
0.0,1499,GENERATE,30,29
0.0,1500,GENERATE,30,31
0.0,1501,GENERATE,30,32
0.0,1502,GENERATE,30,33
0.0,1503,GENERATE,30,34
0.0,1504,GENERATE,30,35
0.0,1505,GENERATE,30,36
0.0,1506,GENERATE,30,37
0.0,1507,GENERATE,30,38
0.0,1508,GENERATE,30,39
0.0,1509,GENERATE,30,40
0.0,1510,GENERATE,30,41
0.0,1511,GENERATE,30,42
0.0,1512,GENERATE,30,43
0.0,1513,GENERATE,30,44
0.0,1514,GENERATE,30,45
0.0,1515,GENERATE,30,46
0.0,1516,GENERATE,30,47
0.0,1517,GENERATE,30,48
0.0,1518,GENERATE,30,49
0.0,1519,GENERATE,31,0
0.0,1520,GENERATE,31,1
0.0,1521,GENERATE,31,2
0.0,1522,GENERATE,31,3
0.0,1523,GENERATE,31,4
0.0,1524,GENERATE,31,5
0.0,1525,GENERATE,31,6
0.0,1526,GENERATE,31,7
0.0,1527,GENERATE,31,8
0.0,1528,GENERATE,31,9
0.0,1529,GENERATE,31,10
0.0,1530,GENERATE,31,11
0.0,1531,GENERATE,31,12
0.0,1532,GENERATE,31,13
0.0,1533,GENERATE,31,14
0.0,1534,GENERATE,31,15
0.0,1535,GENERATE,31,16
0.0,1536,GENERATE,31,17
0.0,1537,GENERATE,31,18
0.0,1538,GENERATE,31,19
0.0,1539,GENERATE,31,20
0.0,1540,GENERATE,31,21
0.0,1541,GENERATE,31,22
0.0,1542,GENERATE,31,23
0.0,1543,GENERATE,31,24
0.0,1544,GENERATE,31,25
0.0,1545,GENERATE,31,26
0.0,1546,GENERATE,31,27
0.0,1547,GENERATE,31,28
0.0,1548,GENERATE,31,29
0.0,1549,GENERATE,31,30
0.0,1550,GENERATE,31,32
0.0,1551,GENERATE,31,33
0.0,1552,GENERATE,31,34
0.0,1553,GENERATE,31,35
0.0,1554,GENERATE,31,36
0.0,1555,GENERATE,31,37
0.0,1556,GENERATE,31,38
0.0,1557,GENERATE,31,39
0.0,1558,GENERATE,31,40
0.0,1559,GENERATE,31,41
0.0,1560,GENERATE,31,42
0.0,1561,GENERATE,31,43
0.0,1562,GENERATE,31,44
0.0,1563,GENERATE,31,45
0.0,1564,GENERATE,31,46
0.0,1565,GENERATE,31,47
0.0,1566,GENERATE,31,48
0.0,1567,GENERATE,31,49
0.0,1568,GENERATE,32,0
0.0,1569,GENERATE,32,1
0.0,1570,GENERATE,32,2
0.0,1571,GENERATE,32,3
0.0,1572,GENERATE,32,4
0.0,1573,GENERATE,32,5
0.0,1574,GENERATE,32,6
0.0,1575,GENERATE,32,7
0.0,1576,GENERATE,32,8
0.0,1577,GENERATE,32,9
0.0,1578,GENERATE,32,10
0.0,1579,GENERATE,32,11
0.0,1580,GENERATE,32,12
0.0,1581,GENERATE,32,13
0.0,1582,GENERATE,32,14
0.0,1583,GENERATE,32,15
0.0,1584,GENERATE,32,16
0.0,1585,GENERATE,32,17
0.0,1586,GENERATE,32,18
0.0,1587,GENERATE,32,19
0.0,1588,GENERATE,32,20
0.0,1589,GENERATE,32,21
0.0,1590,GENERATE,32,22
0.0,1591,GENERATE,32,23
0.0,1592,GENERATE,32,24
0.0,1593,GENERATE,32,25
0.0,1594,GENERATE,32,26
0.0,1595,GENERATE,32,27
0.0,1596,GENERATE,32,28
0.0,1597,GENERATE,32,29
0.0,1598,GENERATE,32,30
0.0,1599,GENERATE,32,31
0.0,1600,GENERATE,32,33
0.0,1601,GENERATE,32,34
0.0,1602,GENERATE,32,35
0.0,1603,GENERATE,32,36
0.0,1604,GENERATE,32,37
0.0,1605,GENERATE,32,38
0.0,1606,GENERATE,32,39
0.0,1607,GENERATE,32,40
0.0,1608,GENERATE,32,41
0.0,1609,GENERATE,32,42
0.0,1610,GENERATE,32,43
0.0,1611,GENERATE,32,44
0.0,1612,GENERATE,32,45
0.0,1613,GENERATE,32,46
0.0,1614,GENERATE,32,47
0.0,1615,GENERATE,32,48
0.0,1616,GENERATE,32,49
0.0,1617,GENERATE,33,0
0.0,1618,GENERATE,33,1
0.0,1619,GENERATE,33,2
0.0,1620,GENERATE,33,3
0.0,1621,GENERATE,33,4
0.0,1622,GENERATE,33,5
0.0,1623,GENERATE,33,6
0.0,1624,GENERATE,33,7
0.0,1625,GENERATE,33,8
0.0,1626,GENERATE,33,9
0.0,1627,GENERATE,33,10
0.0,1628,GENERATE,33,11
0.0,1629,GENERATE,33,12
0.0,1630,GENERATE,33,13
0.0,1631,GENERATE,33,14
0.0,1632,GENERATE,33,15
0.0,1633,GENERATE,33,16
0.0,1634,GENERATE,33,17
0.0,1635,GENERATE,33,18
0.0,1636,GENERATE,33,19
0.0,1637,GENERATE,33,20
0.0,1638,GENERATE,33,21
0.0,1639,GENERATE,33,22
0.0,1640,GENERATE,33,23
0.0,1641,GENERATE,33,24
0.0,1642,GENERATE,33,25
0.0,1643,GENERATE,33,26
0.0,1644,GENERATE,33,27
0.0,1645,GENERATE,33,28
0.0,1646,GENERATE,33,29
0.0,1647,GENERATE,33,30
0.0,1648,GENERATE,33,31
0.0,1649,GENERATE,33,32
0.0,1650,GENERATE,33,34
0.0,1651,GENERATE,33,35
0.0,1652,GENERATE,33,36
0.0,1653,GENERATE,33,37
0.0,1654,GENERATE,33,38
0.0,1655,GENERATE,33,39
0.0,1656,GENERATE,33,40
0.0,1657,GENERATE,33,41
0.0,1658,GENERATE,33,42
0.0,1659,GENERATE,33,43
0.0,1660,GENERATE,33,44
0.0,1661,GENERATE,33,45
0.0,1662,GENERATE,33,46
0.0,1663,GENERATE,33,47
0.0,1664,GENERATE,33,48
0.0,1665,GENERATE,33,49
0.0,1666,GENERATE,34,0
0.0,1667,GENERATE,34,1
0.0,1668,GENERATE,34,2
0.0,1669,GENERATE,34,3
0.0,1670,GENERATE,34,4
0.0,1671,GENERATE,34,5
0.0,1672,GENERATE,34,6
0.0,1673,GENERATE,34,7
0.0,1674,GENERATE,34,8
0.0,1675,GENERATE,34,9
0.0,1676,GENERATE,34,10
0.0,1677,GENERATE,34,11
0.0,1678,GENERATE,34,12
0.0,1679,GENERATE,34,13
0.0,1680,GENERATE,34,14
0.0,1681,GENERATE,34,15
0.0,1682,GENERATE,34,16
0.0,1683,GENERATE,34,17
0.0,1684,GENERATE,34,18
0.0,1685,GENERATE,34,19
0.0,1686,GENERATE,34,20
0.0,1687,GENERATE,34,21
0.0,1688,GENERATE,34,22
0.0,1689,GENERATE,34,23
0.0,1690,GENERATE,34,24
0.0,1691,GENERATE,34,25
0.0,1692,GENERATE,34,26
0.0,1693,GENERATE,34,27
0.0,1694,GENERATE,34,28
0.0,1695,GENERATE,34,29
0.0,1696,GENERATE,34,30
0.0,1697,GENERATE,34,31
0.0,1698,GENERATE,34,32
0.0,1699,GENERATE,34,33
0.0,1700,GENERATE,34,35
0.0,1701,GENERATE,34,36
0.0,1702,GENERATE,34,37
0.0,1703,GENERATE,34,38
0.0,1704,GENERATE,34,39
0.0,1705,GENERATE,34,40
0.0,1706,GENERATE,34,41
0.0,1707,GENERATE,34,42
0.0,1708,GENERATE,34,43
0.0,1709,GENERATE,34,44
0.0,1710,GENERATE,34,45
0.0,1711,GENERATE,34,46
0.0,1712,GENERATE,34,47
0.0,1713,GENERATE,34,48
0.0,1714,GENERATE,34,49
0.0,1715,GENERATE,35,0
0.0,1716,GENERATE,35,1
0.0,1717,GENERATE,35,2
0.0,1718,GENERATE,35,3
0.0,1719,GENERATE,35,4
0.0,1720,GENERATE,35,5
0.0,1721,GENERATE,35,6
0.0,1722,GENERATE,35,7
0.0,1723,GENERATE,35,8
0.0,1724,GENERATE,35,9
0.0,1725,GENERATE,35,10
0.0,1726,GENERATE,35,11
0.0,1727,GENERATE,35,12
0.0,1728,GENERATE,35,13
0.0,1729,GENERATE,35,14
0.0,1730,GENERATE,35,15
0.0,1731,GENERATE,35,16
0.0,1732,GENERATE,35,17
0.0,1733,GENERATE,35,18
0.0,1734,GENERATE,35,19
0.0,1735,GENERATE,35,20
0.0,1736,GENERATE,35,21
0.0,1737,GENERATE,35,22
0.0,1738,GENERATE,35,23
0.0,1739,GENERATE,35,24
0.0,1740,GENERATE,35,25
0.0,1741,GENERATE,35,26
0.0,1742,GENERATE,35,27
0.0,1743,GENERATE,35,28
0.0,1744,GENERATE,35,29
0.0,1745,GENERATE,35,30
0.0,1746,GENERATE,35,31
0.0,1747,GENERATE,35,32
0.0,1748,GENERATE,35,33
0.0,1749,GENERATE,35,34
0.0,1750,GENERATE,35,36
0.0,1751,GENERATE,35,37
0.0,1752,GENERATE,35,38
0.0,1753,GENERATE,35,39
0.0,1754,GENERATE,35,40
0.0,1755,GENERATE,35,41
0.0,1756,GENERATE,35,42
0.0,1757,GENERATE,35,43
0.0,1758,GENERATE,35,44
0.0,1759,GENERATE,35,45
0.0,1760,GENERATE,35,46
0.0,1761,GENERATE,35,47
0.0,1762,GENERATE,35,48
0.0,1763,GENERATE,35,49
0.0,1764,GENERATE,36,0
0.0,1765,GENERATE,36,1
0.0,1766,GENERATE,36,2
0.0,1767,GENERATE,36,3
0.0,1768,GENERATE,36,4
0.0,1769,GENERATE,36,5
0.0,1770,GENERATE,36,6
0.0,1771,GENERATE,36,7
0.0,1772,GENERATE,36,8
0.0,1773,GENERATE,36,9
0.0,1774,GENERATE,36,10
0.0,1775,GENERATE,36,11
0.0,1776,GENERATE,36,12
0.0,1777,GENERATE,36,13
0.0,1778,GENERATE,36,14
0.0,1779,GENERATE,36,15
0.0,1780,GENERATE,36,16
0.0,1781,GENERATE,36,17
0.0,1782,GENERATE,36,18
0.0,1783,GENERATE,36,19
0.0,1784,GENERATE,36,20
0.0,1785,GENERATE,36,21
0.0,1786,GENERATE,36,22
0.0,1787,GENERATE,36,23
0.0,1788,GENERATE,36,24
0.0,1789,GENERATE,36,25
0.0,1790,GENERATE,36,26
0.0,1791,GENERATE,36,27
0.0,1792,GENERATE,36,28
0.0,1793,GENERATE,36,29
0.0,1794,GENERATE,36,30
0.0,1795,GENERATE,36,31
0.0,1796,GENERATE,36,32
0.0,1797,GENERATE,36,33
0.0,1798,GENERATE,36,34
0.0,1799,GENERATE,36,35
0.0,1800,GENERATE,36,37
0.0,1801,GENERATE,36,38
0.0,1802,GENERATE,36,39
0.0,1803,GENERATE,36,40
0.0,1804,GENERATE,36,41
0.0,1805,GENERATE,36,42
0.0,1806,GENERATE,36,43
0.0,1807,GENERATE,36,44
0.0,1808,GENERATE,36,45
0.0,1809,GENERATE,36,46
0.0,1810,GENERATE,36,47
0.0,1811,GENERATE,36,48
0.0,1812,GENERATE,36,49
0.0,1813,GENERATE,37,0
0.0,1814,GENERATE,37,1
0.0,1815,GENERATE,37,2
0.0,1816,GENERATE,37,3
0.0,1817,GENERATE,37,4
0.0,1818,GENERATE,37,5
0.0,1819,GENERATE,37,6
0.0,1820,GENERATE,37,7
0.0,1821,GENERATE,37,8
0.0,1822,GENERATE,37,9
0.0,1823,GENERATE,37,10
0.0,1824,GENERATE,37,11
0.0,1825,GENERATE,37,12
0.0,1826,GENERATE,37,13
0.0,1827,GENERATE,37,14
0.0,1828,GENERATE,37,15
0.0,1829,GENERATE,37,16
0.0,1830,GENERATE,37,17
0.0,1831,GENERATE,37,18
0.0,1832,GENERATE,37,19
0.0,1833,GENERATE,37,20
0.0,1834,GENERATE,37,21
0.0,1835,GENERATE,37,22
0.0,1836,GENERATE,37,23
0.0,1837,GENERATE,37,24
0.0,1838,GENERATE,37,25
0.0,1839,GENERATE,37,26
0.0,1840,GENERATE,37,27
0.0,1841,GENERATE,37,28
0.0,1842,GENERATE,37,29
0.0,1843,GENERATE,37,30
0.0,1844,GENERATE,37,31
0.0,1845,GENERATE,37,32
0.0,1846,GENERATE,37,33
0.0,1847,GENERATE,37,34
0.0,1848,GENERATE,37,35
0.0,1849,GENERATE,37,36
0.0,1850,GENERATE,37,38
0.0,1851,GENERATE,37,39
0.0,1852,GENERATE,37,40
0.0,1853,GENERATE,37,41
0.0,1854,GENERATE,37,42
0.0,1855,GENERATE,37,43
0.0,1856,GENERATE,37,44
0.0,1857,GENERATE,37,45
0.0,1858,GENERATE,37,46
0.0,1859,GENERATE,37,47
0.0,1860,GENERATE,37,48
0.0,1861,GENERATE,37,49
0.0,1862,GENERATE,38,0
0.0,1863,GENERATE,38,1
0.0,1864,GENERATE,38,2
0.0,1865,GENERATE,38,3
0.0,1866,GENERATE,38,4
0.0,1867,GENERATE,38,5
0.0,1868,GENERATE,38,6
0.0,1869,GENERATE,38,7
0.0,1870,GENERATE,38,8
0.0,1871,GENERATE,38,9
0.0,1872,GENERATE,38,10
0.0,1873,GENERATE,38,11
0.0,1874,GENERATE,38,12
0.0,1875,GENERATE,38,13
0.0,1876,GENERATE,38,14
0.0,1877,GENERATE,38,15
0.0,1878,GENERATE,38,16
0.0,1879,GENERATE,38,17
0.0,1880,GENERATE,38,18
0.0,1881,GENERATE,38,19
0.0,1882,GENERATE,38,20
0.0,1883,GENERATE,38,21
0.0,1884,GENERATE,38,22
0.0,1885,GENERATE,38,23
0.0,1886,GENERATE,38,24
0.0,1887,GENERATE,38,25
0.0,1888,GENERATE,38,26
0.0,1889,GENERATE,38,27
0.0,1890,GENERATE,38,28
0.0,1891,GENERATE,38,29
0.0,1892,GENERATE,38,30
0.0,1893,GENERATE,38,31
0.0,1894,GENERATE,38,32
0.0,1895,GENERATE,38,33
0.0,1896,GENERATE,38,34
0.0,1897,GENERATE,38,35
0.0,1898,GENERATE,38,36
0.0,1899,GENERATE,38,37
0.0,1900,GENERATE,38,39
0.0,1901,GENERATE,38,40
0.0,1902,GENERATE,38,41
0.0,1903,GENERATE,38,42
0.0,1904,GENERATE,38,43
0.0,1905,GENERATE,38,44
0.0,1906,GENERATE,38,45
0.0,1907,GENERATE,38,46
0.0,1908,GENERATE,38,47
0.0,1909,GENERATE,38,48
0.0,1910,GENERATE,38,49
0.0,1911,GENERATE,39,0
0.0,1912,GENERATE,39,1
0.0,1913,GENERATE,39,2
0.0,1914,GENERATE,39,3
0.0,1915,GENERATE,39,4
0.0,1916,GENERATE,39,5
0.0,1917,GENERATE,39,6
0.0,1918,GENERATE,39,7
0.0,1919,GENERATE,39,8
0.0,1920,GENERATE,39,9
0.0,1921,GENERATE,39,10
0.0,1922,GENERATE,39,11
0.0,1923,GENERATE,39,12
0.0,1924,GENERATE,39,13
0.0,1925,GENERATE,39,14
0.0,1926,GENERATE,39,15
0.0,1927,GENERATE,39,16
0.0,1928,GENERATE,39,17
0.0,1929,GENERATE,39,18
0.0,1930,GENERATE,39,19
0.0,1931,GENERATE,39,20
0.0,1932,GENERATE,39,21
0.0,1933,GENERATE,39,22
0.0,1934,GENERATE,39,23
0.0,1935,GENERATE,39,24
0.0,1936,GENERATE,39,25
0.0,1937,GENERATE,39,26
0.0,1938,GENERATE,39,27
0.0,1939,GENERATE,39,28
0.0,1940,GENERATE,39,29
0.0,1941,GENERATE,39,30
0.0,1942,GENERATE,39,31
0.0,1943,GENERATE,39,32
0.0,1944,GENERATE,39,33
0.0,1945,GENERATE,39,34
0.0,1946,GENERATE,39,35
0.0,1947,GENERATE,39,36
0.0,1948,GENERATE,39,37
0.0,1949,GENERATE,39,38
0.0,1950,GENERATE,39,40
0.0,1951,GENERATE,39,41
0.0,1952,GENERATE,39,42
0.0,1953,GENERATE,39,43
0.0,1954,GENERATE,39,44
0.0,1955,GENERATE,39,45
0.0,1956,GENERATE,39,46
0.0,1957,GENERATE,39,47
0.0,1958,GENERATE,39,48
0.0,1959,GENERATE,39,49
0.0,1960,GENERATE,40,0
0.0,1961,GENERATE,40,1
0.0,1962,GENERATE,40,2
0.0,1963,GENERATE,40,3
0.0,1964,GENERATE,40,4
0.0,1965,GENERATE,40,5
0.0,1966,GENERATE,40,6
0.0,1967,GENERATE,40,7
0.0,1968,GENERATE,40,8
0.0,1969,GENERATE,40,9
0.0,1970,GENERATE,40,10
0.0,1971,GENERATE,40,11
0.0,1972,GENERATE,40,12
0.0,1973,GENERATE,40,13
0.0,1974,GENERATE,40,14
0.0,1975,GENERATE,40,15
0.0,1976,GENERATE,40,16
0.0,1977,GENERATE,40,17
0.0,1978,GENERATE,40,18
0.0,1979,GENERATE,40,19
0.0,1980,GENERATE,40,20
0.0,1981,GENERATE,40,21
0.0,1982,GENERATE,40,22
0.0,1983,GENERATE,40,23
0.0,1984,GENERATE,40,24
0.0,1985,GENERATE,40,25
0.0,1986,GENERATE,40,26
0.0,1987,GENERATE,40,27
0.0,1988,GENERATE,40,28
0.0,1989,GENERATE,40,29
0.0,1990,GENERATE,40,30
0.0,1991,GENERATE,40,31
0.0,1992,GENERATE,40,32
0.0,1993,GENERATE,40,33
0.0,1994,GENERATE,40,34
0.0,1995,GENERATE,40,35
0.0,1996,GENERATE,40,36
0.0,1997,GENERATE,40,37
0.0,1998,GENERATE,40,38
0.0,1999,GENERATE,40,39
0.0,2000,GENERATE,40,41
0.0,2001,GENERATE,40,42
0.0,2002,GENERATE,40,43
0.0,2003,GENERATE,40,44
0.0,2004,GENERATE,40,45
0.0,2005,GENERATE,40,46
0.0,2006,GENERATE,40,47
0.0,2007,GENERATE,40,48
0.0,2008,GENERATE,40,49
0.0,2009,GENERATE,41,0
0.0,2010,GENERATE,41,1
0.0,2011,GENERATE,41,2
0.0,2012,GENERATE,41,3
0.0,2013,GENERATE,41,4
0.0,2014,GENERATE,41,5
0.0,2015,GENERATE,41,6
0.0,2016,GENERATE,41,7
0.0,2017,GENERATE,41,8
0.0,2018,GENERATE,41,9
0.0,2019,GENERATE,41,10
0.0,2020,GENERATE,41,11
0.0,2021,GENERATE,41,12
0.0,2022,GENERATE,41,13
0.0,2023,GENERATE,41,14
0.0,2024,GENERATE,41,15
0.0,2025,GENERATE,41,16
0.0,2026,GENERATE,41,17
0.0,2027,GENERATE,41,18
0.0,2028,GENERATE,41,19
0.0,2029,GENERATE,41,20
0.0,2030,GENERATE,41,21
0.0,2031,GENERATE,41,22
0.0,2032,GENERATE,41,23
0.0,2033,GENERATE,41,24
0.0,2034,GENERATE,41,25
0.0,2035,GENERATE,41,26
0.0,2036,GENERATE,41,27
0.0,2037,GENERATE,41,28
0.0,2038,GENERATE,41,29
0.0,2039,GENERATE,41,30
0.0,2040,GENERATE,41,31
0.0,2041,GENERATE,41,32
0.0,2042,GENERATE,41,33
0.0,2043,GENERATE,41,34
0.0,2044,GENERATE,41,35
0.0,2045,GENERATE,41,36
0.0,2046,GENERATE,41,37
0.0,2047,GENERATE,41,38
0.0,2048,GENERATE,41,39
0.0,2049,GENERATE,41,40
0.0,2050,GENERATE,41,42
0.0,2051,GENERATE,41,43
0.0,2052,GENERATE,41,44
0.0,2053,GENERATE,41,45
0.0,2054,GENERATE,41,46
0.0,2055,GENERATE,41,47
0.0,2056,GENERATE,41,48
0.0,2057,GENERATE,41,49
0.0,2058,GENERATE,42,0
0.0,2059,GENERATE,42,1
0.0,2060,GENERATE,42,2
0.0,2061,GENERATE,42,3
0.0,2062,GENERATE,42,4
0.0,2063,GENERATE,42,5
0.0,2064,GENERATE,42,6
0.0,2065,GENERATE,42,7
0.0,2066,GENERATE,42,8
0.0,2067,GENERATE,42,9
0.0,2068,GENERATE,42,10
0.0,2069,GENERATE,42,11
0.0,2070,GENERATE,42,12
0.0,2071,GENERATE,42,13
0.0,2072,GENERATE,42,14
0.0,2073,GENERATE,42,15
0.0,2074,GENERATE,42,16
0.0,2075,GENERATE,42,17
0.0,2076,GENERATE,42,18
0.0,2077,GENERATE,42,19
0.0,2078,GENERATE,42,20
0.0,2079,GENERATE,42,21
0.0,2080,GENERATE,42,22
0.0,2081,GENERATE,42,23
0.0,2082,GENERATE,42,24
0.0,2083,GENERATE,42,25
0.0,2084,GENERATE,42,26
0.0,2085,GENERATE,42,27
0.0,2086,GENERATE,42,28
0.0,2087,GENERATE,42,29
0.0,2088,GENERATE,42,30
0.0,2089,GENERATE,42,31
0.0,2090,GENERATE,42,32
0.0,2091,GENERATE,42,33
0.0,2092,GENERATE,42,34
0.0,2093,GENERATE,42,35
0.0,2094,GENERATE,42,36
0.0,2095,GENERATE,42,37
0.0,2096,GENERATE,42,38
0.0,2097,GENERATE,42,39
0.0,2098,GENERATE,42,40
0.0,2099,GENERATE,42,41
0.0,2100,GENERATE,42,43
0.0,2101,GENERATE,42,44
0.0,2102,GENERATE,42,45
0.0,2103,GENERATE,42,46
0.0,2104,GENERATE,42,47
0.0,2105,GENERATE,42,48
0.0,2106,GENERATE,42,49
0.0,2107,GENERATE,43,0
0.0,2108,GENERATE,43,1
0.0,2109,GENERATE,43,2
0.0,2110,GENERATE,43,3
0.0,2111,GENERATE,43,4
0.0,2112,GENERATE,43,5
0.0,2113,GENERATE,43,6
0.0,2114,GENERATE,43,7
0.0,2115,GENERATE,43,8
0.0,2116,GENERATE,43,9
0.0,2117,GENERATE,43,10
0.0,2118,GENERATE,43,11
0.0,2119,GENERATE,43,12
0.0,2120,GENERATE,43,13
0.0,2121,GENERATE,43,14
0.0,2122,GENERATE,43,15
0.0,2123,GENERATE,43,16
0.0,2124,GENERATE,43,17
0.0,2125,GENERATE,43,18
0.0,2126,GENERATE,43,19
0.0,2127,GENERATE,43,20
0.0,2128,GENERATE,43,21
0.0,2129,GENERATE,43,22
0.0,2130,GENERATE,43,23
0.0,2131,GENERATE,43,24
0.0,2132,GENERATE,43,25
0.0,2133,GENERATE,43,26
0.0,2134,GENERATE,43,27
0.0,2135,GENERATE,43,28
0.0,2136,GENERATE,43,29
0.0,2137,GENERATE,43,30
0.0,2138,GENERATE,43,31
0.0,2139,GENERATE,43,32
0.0,2140,GENERATE,43,33
0.0,2141,GENERATE,43,34
0.0,2142,GENERATE,43,35
0.0,2143,GENERATE,43,36
0.0,2144,GENERATE,43,37
0.0,2145,GENERATE,43,38
0.0,2146,GENERATE,43,39
0.0,2147,GENERATE,43,40
0.0,2148,GENERATE,43,41
0.0,2149,GENERATE,43,42
0.0,2150,GENERATE,43,44
0.0,2151,GENERATE,43,45
0.0,2152,GENERATE,43,46
0.0,2153,GENERATE,43,47
0.0,2154,GENERATE,43,48
0.0,2155,GENERATE,43,49
0.0,2156,GENERATE,44,0
0.0,2157,GENERATE,44,1
0.0,2158,GENERATE,44,2
0.0,2159,GENERATE,44,3
0.0,2160,GENERATE,44,4
0.0,2161,GENERATE,44,5
0.0,2162,GENERATE,44,6
0.0,2163,GENERATE,44,7
0.0,2164,GENERATE,44,8
0.0,2165,GENERATE,44,9
0.0,2166,GENERATE,44,10
0.0,2167,GENERATE,44,11
0.0,2168,GENERATE,44,12
0.0,2169,GENERATE,44,13
0.0,2170,GENERATE,44,14
0.0,2171,GENERATE,44,15
0.0,2172,GENERATE,44,16
0.0,2173,GENERATE,44,17
0.0,2174,GENERATE,44,18
0.0,2175,GENERATE,44,19
0.0,2176,GENERATE,44,20
0.0,2177,GENERATE,44,21
0.0,2178,GENERATE,44,22
0.0,2179,GENERATE,44,23
0.0,2180,GENERATE,44,24
0.0,2181,GENERATE,44,25
0.0,2182,GENERATE,44,26
0.0,2183,GENERATE,44,27
0.0,2184,GENERATE,44,28
0.0,2185,GENERATE,44,29
0.0,2186,GENERATE,44,30
0.0,2187,GENERATE,44,31
0.0,2188,GENERATE,44,32
0.0,2189,GENERATE,44,33
0.0,2190,GENERATE,44,34
0.0,2191,GENERATE,44,35
0.0,2192,GENERATE,44,36
0.0,2193,GENERATE,44,37
0.0,2194,GENERATE,44,38
0.0,2195,GENERATE,44,39
0.0,2196,GENERATE,44,40
0.0,2197,GENERATE,44,41
0.0,2198,GENERATE,44,42
0.0,2199,GENERATE,44,43
0.0,2200,GENERATE,44,45
0.0,2201,GENERATE,44,46
0.0,2202,GENERATE,44,47
0.0,2203,GENERATE,44,48
0.0,2204,GENERATE,44,49
0.0,2205,GENERATE,45,0
0.0,2206,GENERATE,45,1
0.0,2207,GENERATE,45,2
0.0,2208,GENERATE,45,3
0.0,2209,GENERATE,45,4
0.0,2210,GENERATE,45,5
0.0,2211,GENERATE,45,6
0.0,2212,GENERATE,45,7
0.0,2213,GENERATE,45,8
0.0,2214,GENERATE,45,9
0.0,2215,GENERATE,45,10
0.0,2216,GENERATE,45,11
0.0,2217,GENERATE,45,12
0.0,2218,GENERATE,45,13
0.0,2219,GENERATE,45,14
0.0,2220,GENERATE,45,15
0.0,2221,GENERATE,45,16
0.0,2222,GENERATE,45,17
0.0,2223,GENERATE,45,18
0.0,2224,GENERATE,45,19
0.0,2225,GENERATE,45,20
0.0,2226,GENERATE,45,21
0.0,2227,GENERATE,45,22
0.0,2228,GENERATE,45,23
0.0,2229,GENERATE,45,24
0.0,2230,GENERATE,45,25
0.0,2231,GENERATE,45,26
0.0,2232,GENERATE,45,27
0.0,2233,GENERATE,45,28
0.0,2234,GENERATE,45,29
0.0,2235,GENERATE,45,30
0.0,2236,GENERATE,45,31
0.0,2237,GENERATE,45,32
0.0,2238,GENERATE,45,33
0.0,2239,GENERATE,45,34
0.0,2240,GENERATE,45,35
0.0,2241,GENERATE,45,36
0.0,2242,GENERATE,45,37
0.0,2243,GENERATE,45,38
0.0,2244,GENERATE,45,39
0.0,2245,GENERATE,45,40
0.0,2246,GENERATE,45,41
0.0,2247,GENERATE,45,42
0.0,2248,GENERATE,45,43
0.0,2249,GENERATE,45,44
0.0,2250,GENERATE,45,46
0.0,2251,GENERATE,45,47
0.0,2252,GENERATE,45,48
0.0,2253,GENERATE,45,49
0.0,2254,GENERATE,46,0
0.0,2255,GENERATE,46,1
0.0,2256,GENERATE,46,2
0.0,2257,GENERATE,46,3
0.0,2258,GENERATE,46,4
0.0,2259,GENERATE,46,5
0.0,2260,GENERATE,46,6
0.0,2261,GENERATE,46,7
0.0,2262,GENERATE,46,8
0.0,2263,GENERATE,46,9
0.0,2264,GENERATE,46,10
0.0,2265,GENERATE,46,11
0.0,2266,GENERATE,46,12
0.0,2267,GENERATE,46,13
0.0,2268,GENERATE,46,14
0.0,2269,GENERATE,46,15
0.0,2270,GENERATE,46,16
0.0,2271,GENERATE,46,17
0.0,2272,GENERATE,46,18
0.0,2273,GENERATE,46,19
0.0,2274,GENERATE,46,20
0.0,2275,GENERATE,46,21
0.0,2276,GENERATE,46,22
0.0,2277,GENERATE,46,23
0.0,2278,GENERATE,46,24
0.0,2279,GENERATE,46,25
0.0,2280,GENERATE,46,26
0.0,2281,GENERATE,46,27
0.0,2282,GENERATE,46,28
0.0,2283,GENERATE,46,29
0.0,2284,GENERATE,46,30
0.0,2285,GENERATE,46,31
0.0,2286,GENERATE,46,32
0.0,2287,GENERATE,46,33
0.0,2288,GENERATE,46,34
0.0,2289,GENERATE,46,35
0.0,2290,GENERATE,46,36
0.0,2291,GENERATE,46,37
0.0,2292,GENERATE,46,38
0.0,2293,GENERATE,46,39
0.0,2294,GENERATE,46,40
0.0,2295,GENERATE,46,41
0.0,2296,GENERATE,46,42
0.0,2297,GENERATE,46,43
0.0,2298,GENERATE,46,44
0.0,2299,GENERATE,46,45
0.0,2300,GENERATE,46,47
0.0,2301,GENERATE,46,48
0.0,2302,GENERATE,46,49
0.0,2303,GENERATE,47,0
0.0,2304,GENERATE,47,1
0.0,2305,GENERATE,47,2
0.0,2306,GENERATE,47,3
0.0,2307,GENERATE,47,4
0.0,2308,GENERATE,47,5
0.0,2309,GENERATE,47,6
0.0,2310,GENERATE,47,7
0.0,2311,GENERATE,47,8
0.0,2312,GENERATE,47,9
0.0,2313,GENERATE,47,10
0.0,2314,GENERATE,47,11
0.0,2315,GENERATE,47,12
0.0,2316,GENERATE,47,13
0.0,2317,GENERATE,47,14
0.0,2318,GENERATE,47,15
0.0,2319,GENERATE,47,16
0.0,2320,GENERATE,47,17
0.0,2321,GENERATE,47,18
0.0,2322,GENERATE,47,19
0.0,2323,GENERATE,47,20
0.0,2324,GENERATE,47,21
0.0,2325,GENERATE,47,22
0.0,2326,GENERATE,47,23
0.0,2327,GENERATE,47,24
0.0,2328,GENERATE,47,25
0.0,2329,GENERATE,47,26
0.0,2330,GENERATE,47,27
0.0,2331,GENERATE,47,28
0.0,2332,GENERATE,47,29
0.0,2333,GENERATE,47,30
0.0,2334,GENERATE,47,31
0.0,2335,GENERATE,47,32
0.0,2336,GENERATE,47,33
0.0,2337,GENERATE,47,34
0.0,2338,GENERATE,47,35
0.0,2339,GENERATE,47,36
0.0,2340,GENERATE,47,37
0.0,2341,GENERATE,47,38
0.0,2342,GENERATE,47,39
0.0,2343,GENERATE,47,40
0.0,2344,GENERATE,47,41
0.0,2345,GENERATE,47,42
0.0,2346,GENERATE,47,43
0.0,2347,GENERATE,47,44
0.0,2348,GENERATE,47,45
0.0,2349,GENERATE,47,46
0.0,2350,GENERATE,47,48
0.0,2351,GENERATE,47,49
0.0,2352,GENERATE,48,0
0.0,2353,GENERATE,48,1
0.0,2354,GENERATE,48,2
0.0,2355,GENERATE,48,3
0.0,2356,GENERATE,48,4
0.0,2357,GENERATE,48,5
0.0,2358,GENERATE,48,6
0.0,2359,GENERATE,48,7
0.0,2360,GENERATE,48,8
0.0,2361,GENERATE,48,9
0.0,2362,GENERATE,48,10
0.0,2363,GENERATE,48,11
0.0,2364,GENERATE,48,12
0.0,2365,GENERATE,48,13
0.0,2366,GENERATE,48,14
0.0,2367,GENERATE,48,15
0.0,2368,GENERATE,48,16
0.0,2369,GENERATE,48,17
0.0,2370,GENERATE,48,18
0.0,2371,GENERATE,48,19
0.0,2372,GENERATE,48,20
0.0,2373,GENERATE,48,21
0.0,2374,GENERATE,48,22
0.0,2375,GENERATE,48,23
0.0,2376,GENERATE,48,24
0.0,2377,GENERATE,48,25
0.0,2378,GENERATE,48,26
0.0,2379,GENERATE,48,27
0.0,2380,GENERATE,48,28
0.0,2381,GENERATE,48,29
0.0,2382,GENERATE,48,30
0.0,2383,GENERATE,48,31
0.0,2384,GENERATE,48,32
0.0,2385,GENERATE,48,33
0.0,2386,GENERATE,48,34
0.0,2387,GENERATE,48,35
0.0,2388,GENERATE,48,36
0.0,2389,GENERATE,48,37
0.0,2390,GENERATE,48,38
0.0,2391,GENERATE,48,39
0.0,2392,GENERATE,48,40
0.0,2393,GENERATE,48,41
0.0,2394,GENERATE,48,42
0.0,2395,GENERATE,48,43
0.0,2396,GENERATE,48,44
0.0,2397,GENERATE,48,45
0.0,2398,GENERATE,48,46
0.0,2399,GENERATE,48,47
0.0,2400,GENERATE,48,49
0.0,2401,GENERATE,49,0
0.0,2402,GENERATE,49,1
0.0,2403,GENERATE,49,2
0.0,2404,GENERATE,49,3
0.0,2405,GENERATE,49,4
0.0,2406,GENERATE,49,5
0.0,2407,GENERATE,49,6
0.0,2408,GENERATE,49,7
0.0,2409,GENERATE,49,8
0.0,2410,GENERATE,49,9
0.0,2411,GENERATE,49,10
0.0,2412,GENERATE,49,11
0.0,2413,GENERATE,49,12
0.0,2414,GENERATE,49,13
0.0,2415,GENERATE,49,14
0.0,2416,GENERATE,49,15
0.0,2417,GENERATE,49,16
0.0,2418,GENERATE,49,17
0.0,2419,GENERATE,49,18
0.0,2420,GENERATE,49,19
0.0,2421,GENERATE,49,20
0.0,2422,GENERATE,49,21
0.0,2423,GENERATE,49,22
0.0,2424,GENERATE,49,23
0.0,2425,GENERATE,49,24
0.0,2426,GENERATE,49,25
0.0,2427,GENERATE,49,26
0.0,2428,GENERATE,49,27
0.0,2429,GENERATE,49,28
0.0,2430,GENERATE,49,29
0.0,2431,GENERATE,49,30
0.0,2432,GENERATE,49,31
0.0,2433,GENERATE,49,32
0.0,2434,GENERATE,49,33
0.0,2435,GENERATE,49,34
0.0,2436,GENERATE,49,35
0.0,2437,GENERATE,49,36
0.0,2438,GENERATE,49,37
0.0,2439,GENERATE,49,38
0.0,2440,GENERATE,49,39
0.0,2441,GENERATE,49,40
0.0,2442,GENERATE,49,41
0.0,2443,GENERATE,49,42
0.0,2444,GENERATE,49,43
0.0,2445,GENERATE,49,44
0.0,2446,GENERATE,49,45
0.0,2447,GENERATE,49,46
0.0,2448,GENERATE,49,47
0.0,2449,GENERATE,49,48
22.504723629202836,484,TRANSMIT,9,44
22.504723629202836,484,ARRIVAL,,
22.504723629202836,2165,TRANSMIT,44,9
22.504723629202836,2165,ARRIVAL,,
23.968620161938997,1023,TRANSMIT,20,44
23.968620161938997,1023,ARRIVAL,,
23.968620161938997,2176,TRANSMIT,44,20
23.968620161938997,2176,ARRIVAL,,
41.18793131455197,565,TRANSMIT,11,27
41.18793131455197,565,ARRIVAL,,
41.18793131455197,1334,TRANSMIT,27,11
41.18793131455197,1334,ARRIVAL,,
61.985893940556416,900,TRANSMIT,18,19
61.985893940556416,900,ARRIVAL,,
61.985893940556416,949,TRANSMIT,19,18
61.985893940556416,949,ARRIVAL,,
69.31413061909166,1752,TRANSMIT,35,38
69.31413061909166,1752,ARRIVAL,,
69.31413061909166,1897,TRANSMIT,38,35
69.31413061909166,1897,ARRIVAL,,
72.48473734070146,375,TRANSMIT,7,33
72.48473734070146,375,ARRIVAL,,
72.48473734070146,1624,TRANSMIT,33,7
72.48473734070146,1624,ARRIVAL,,
76.43749014684629,1761,TRANSMIT,35,47
76.43749014684629,1761,ARRIVAL,,
76.43749014684629,2338,TRANSMIT,47,35
76.43749014684629,2338,ARRIVAL,,
107.2680201009862,1703,TRANSMIT,34,38
107.2680201009862,1703,ARRIVAL,,
107.2680201009862,1896,TRANSMIT,38,34
107.2680201009862,1896,ARRIVAL,,
112.75513742255272,303,TRANSMIT,6,10
112.75513742255272,303,ARRIVAL,,
112.75513742255272,496,TRANSMIT,10,6
112.75513742255272,496,ARRIVAL,,
115.85446915347516,1110,TRANSMIT,22,33
115.85446915347516,1110,ARRIVAL,,
115.85446915347516,1639,TRANSMIT,33,22
115.85446915347516,1639,ARRIVAL,,
120.16732918477953,331,TRANSMIT,6,38
120.16732918477953,331,ARRIVAL,,
120.16732918477953,1868,TRANSMIT,38,6
120.16732918477953,1868,ARRIVAL,,
126.01850902696174,1159,TRANSMIT,23,33
126.01850902696174,1159,ARRIVAL,,
126.01850902696174,1640,TRANSMIT,33,23
126.01850902696174,1640,ARRIVAL,,
141.7470060479399,1954,TRANSMIT,39,44
141.7470060479399,1954,ARRIVAL,,
141.7470060479399,2195,TRANSMIT,44,39
141.7470060479399,2195,ARRIVAL,,
142.57617451200315,710,TRANSMIT,14,25
142.57617451200315,710,ARRIVAL,,
142.57617451200315,1239,TRANSMIT,25,14
142.57617451200315,1239,ARRIVAL,,
150.7312385948296,272,TRANSMIT,5,28
150.7312385948296,272,ARRIVAL,,
150.7312385948296,1377,TRANSMIT,28,5
150.7312385948296,1377,ARRIVAL,,
192.80764071590687,1861,TRANSMIT,37,49
192.80764071590687,1861,ARRIVAL,,
192.80764071590687,2438,TRANSMIT,49,37
192.80764071590687,2438,ARRIVAL,,
193.3516250062488,268,TRANSMIT,5,24
193.3516250062488,268,ARRIVAL,,
193.3516250062488,1181,TRANSMIT,24,5
193.3516250062488,1181,ARRIVAL,,
201.36549132332283,335,TRANSMIT,6,42
201.36549132332283,335,ARRIVAL,,
201.36549132332283,2064,TRANSMIT,42,6
201.36549132332283,2064,ARRIVAL,,
213.10459128107377,956,TRANSMIT,19,26
213.10459128107377,956,ARRIVAL,,
213.10459128107377,1293,TRANSMIT,26,19
213.10459128107377,1293,ARRIVAL,,
215.43182011227807,1120,TRANSMIT,22,43
215.43182011227807,1120,ARRIVAL,,
215.43182011227807,2129,TRANSMIT,43,22
215.43182011227807,2129,ARRIVAL,,
223.38937464413553,2400,TRANSMIT,48,49
223.38937464413553,2400,ARRIVAL,,
223.38937464413553,2449,TRANSMIT,49,48
223.38937464413553,2449,ARRIVAL,,
280.93428186872717,383,TRANSMIT,7,41
280.93428186872717,383,ARRIVAL,,
280.93428186872717,2016,TRANSMIT,41,7
280.93428186872717,2016,ARRIVAL,,
286.04966159585,1662,TRANSMIT,33,46
286.04966159585,1662,ARRIVAL,,
286.04966159585,2287,TRANSMIT,46,33
286.04966159585,2287,ARRIVAL,,
291.0601825883799,554,TRANSMIT,11,16
291.0601825883799,554,ARRIVAL,,
291.0601825883799,795,TRANSMIT,16,11
291.0601825883799,795,ARRIVAL,,
305.8772104858145,1219,TRANSMIT,24,44
305.8772104858145,1219,ARRIVAL,,
305.8772104858145,2180,TRANSMIT,44,24
305.8772104858145,2180,ARRIVAL,,
314.4557007094207,1453,TRANSMIT,29,33
314.4557007094207,1453,ARRIVAL,,
314.4557007094207,1646,TRANSMIT,33,29
314.4557007094207,1646,ARRIVAL,,
330.94236517373076,972,TRANSMIT,19,42
330.94236517373076,972,ARRIVAL,,
330.94236517373076,2077,TRANSMIT,42,19
330.94236517373076,2077,ARRIVAL,,
331.88739754041853,88,TRANSMIT,1,40
331.88739754041853,88,ARRIVAL,,
331.88739754041853,1961,TRANSMIT,40,1
331.88739754041853,1961,ARRIVAL,,
348.1802548264442,632,TRANSMIT,12,45
348.1802548264442,632,ARRIVAL,,
348.1802548264442,2217,TRANSMIT,45,12
348.1802548264442,2217,ARRIVAL,,
357.5028069527389,1754,TRANSMIT,35,40
357.5028069527389,1754,ARRIVAL,,
357.5028069527389,1995,TRANSMIT,40,35
357.5028069527389,1995,ARRIVAL,,
371.87213509137035,719,TRANSMIT,14,34
371.87213509137035,719,ARRIVAL,,
371.87213509137035,1680,TRANSMIT,34,14
371.87213509137035,1680,ARRIVAL,,
373.1211844709779,1756,TRANSMIT,35,42
373.1211844709779,1756,ARRIVAL,,
373.1211844709779,2093,TRANSMIT,42,35
373.1211844709779,2093,ARRIVAL,,
394.8000826931786,832,TRANSMIT,16,49
394.8000826931786,832,ARRIVAL,,
394.8000826931786,2417,TRANSMIT,49,16
394.8000826931786,2417,ARRIVAL,,
403.5478983817766,1507,TRANSMIT,30,38
403.5478983817766,1507,ARRIVAL,,
403.5478983817766,1892,TRANSMIT,38,30
403.5478983817766,1892,ARRIVAL,,
406.0786904097533,978,TRANSMIT,19,48
406.0786904097533,978,ARRIVAL,,
406.0786904097533,2371,TRANSMIT,48,19
406.0786904097533,2371,ARRIVAL,,
421.17395961941884,2350,TRANSMIT,47,48
421.17395961941884,2350,ARRIVAL,,
421.17395961941884,2399,TRANSMIT,48,47
421.17395961941884,2399,ARRIVAL,,
433.84962408436877,1125,TRANSMIT,22,48
433.84962408436877,1125,ARRIVAL,,
433.84962408436877,2374,TRANSMIT,48,22
433.84962408436877,2374,ARRIVAL,,
462.3532148768198,14,TRANSMIT,0,15
462.3532148768198,14,ARRIVAL,,
462.3532148768198,735,TRANSMIT,15,0
462.3532148768198,735,ARRIVAL,,
501.67135863988807,1025,TRANSMIT,20,46
501.67135863988807,1025,ARRIVAL,,
501.67135863988807,2274,TRANSMIT,46,20
501.67135863988807,2274,ARRIVAL,,
506.7593806197713,1124,TRANSMIT,22,47
506.7593806197713,1124,ARRIVAL,,
506.7593806197713,2325,TRANSMIT,47,22
506.7593806197713,2325,ARRIVAL,,
509.7353965217683,960,TRANSMIT,19,30
509.7353965217683,960,ARRIVAL,,
509.7353965217683,1489,TRANSMIT,30,19
509.7353965217683,1489,ARRIVAL,,
524.4905046209059,922,TRANSMIT,18,41
524.4905046209059,922,ARRIVAL,,
524.4905046209059,2027,TRANSMIT,41,18
524.4905046209059,2027,ARRIVAL,,
526.8866598099518,570,TRANSMIT,11,32
526.8866598099518,570,ARRIVAL,,
526.8866598099518,1579,TRANSMIT,32,11
526.8866598099518,1579,ARRIVAL,,
531.5516958410943,1005,TRANSMIT,20,26
531.5516958410943,1005,ARRIVAL,,
531.5516958410943,1294,TRANSMIT,26,20
531.5516958410943,1294,ARRIVAL,,
541.633484307646,1651,TRANSMIT,33,35
541.633484307646,1651,ARRIVAL,,
541.633484307646,1748,TRANSMIT,35,33
541.633484307646,1748,ARRIVAL,,
545.0281948105364,332,TRANSMIT,6,39
545.0281948105364,332,ARRIVAL,,
545.0281948105364,1917,TRANSMIT,39,6
545.0281948105364,1917,ARRIVAL,,
546.0136964876627,722,TRANSMIT,14,37
546.0136964876627,722,ARRIVAL,,
546.0136964876627,1827,TRANSMIT,37,14
546.0136964876627,1827,ARRIVAL,,
553.0526859224898,83,TRANSMIT,1,35
553.0526859224898,83,ARRIVAL,,
553.0526859224898,1716,TRANSMIT,35,1
553.0526859224898,1716,ARRIVAL,,
566.8603573879603,426,TRANSMIT,8,35
566.8603573879603,426,ARRIVAL,,
566.8603573879603,1723,TRANSMIT,35,8
566.8603573879603,1723,ARRIVAL,,
574.7201737909883,1956,TRANSMIT,39,46
574.7201737909883,1956,ARRIVAL,,
574.7201737909883,2293,TRANSMIT,46,39
574.7201737909883,2293,ARRIVAL,,
590.5156753451253,1903,TRANSMIT,38,42
590.5156753451253,1903,ARRIVAL,,
590.5156753451253,2096,TRANSMIT,42,38
590.5156753451253,2096,ARRIVAL,,
602.6432965301598,53,TRANSMIT,1,5
602.6432965301598,53,ARRIVAL,,
602.6432965301598,246,TRANSMIT,5,1
602.6432965301598,246,ARRIVAL,,
619.7663619875302,1257,TRANSMIT,25,33
619.7663619875302,1257,ARRIVAL,,
619.7663619875302,1642,TRANSMIT,33,25
619.7663619875302,1642,ARRIVAL,,
623.7260724233713,1370,TRANSMIT,27,48
623.7260724233713,1370,ARRIVAL,,
623.7260724233713,2379,TRANSMIT,48,27
623.7260724233713,2379,ARRIVAL,,
626.4549383012805,869,TRANSMIT,17,37
626.4549383012805,869,ARRIVAL,,
626.4549383012805,1830,TRANSMIT,37,17
626.4549383012805,1830,ARRIVAL,,
631.8088016054767,432,TRANSMIT,8,41
631.8088016054767,432,ARRIVAL,,
631.8088016054767,2017,TRANSMIT,41,8
631.8088016054767,2017,ARRIVAL,,
679.5470777469566,426,TRANSMIT,8,35
679.5470777469566,1723,TRANSMIT,35,8
683.2882189045126,1260,TRANSMIT,25,36
683.2882189045126,1260,ARRIVAL,,
683.2882189045126,1789,TRANSMIT,36,25
683.2882189045126,1789,ARRIVAL,,
697.0492798588593,104,TRANSMIT,2,7
697.0492798588593,104,ARRIVAL,,
697.0492798588593,345,TRANSMIT,7,2
697.0492798588593,345,ARRIVAL,,
697.0667220747583,177,TRANSMIT,3,31
697.0667220747583,177,ARRIVAL,,
697.0667220747583,1522,TRANSMIT,31,3
697.0667220747583,1522,ARRIVAL,,
698.5309101919122,702,TRANSMIT,14,17
698.5309101919122,702,ARRIVAL,,
698.5309101919122,847,TRANSMIT,17,14
698.5309101919122,847,ARRIVAL,,
699.1649533742163,1023,TRANSMIT,20,44
699.1649533742163,2176,TRANSMIT,44,20
710.2937210526381,119,TRANSMIT,2,22
710.2937210526381,119,ARRIVAL,,
710.2937210526381,1080,TRANSMIT,22,2
710.2937210526381,1080,ARRIVAL,,
715.1988471510281,327,TRANSMIT,6,34
715.1988471510281,327,ARRIVAL,,
715.1988471510281,1672,TRANSMIT,34,6
715.1988471510281,1672,ARRIVAL,,
750.8742400394495,1503,TRANSMIT,30,34
750.8742400394495,1503,ARRIVAL,,
750.8742400394495,1696,TRANSMIT,34,30
750.8742400394495,1696,ARRIVAL,,
752.9842984016025,1419,TRANSMIT,28,48
752.9842984016025,1419,ARRIVAL,,
752.9842984016025,2380,TRANSMIT,48,28
752.9842984016025,2380,ARRIVAL,,
756.1134060056104,923,TRANSMIT,18,42
756.1134060056104,923,ARRIVAL,,
756.1134060056104,2076,TRANSMIT,42,18
756.1134060056104,2076,ARRIVAL,,
756.3793693601958,1418,TRANSMIT,28,47
756.3793693601958,1418,ARRIVAL,,
756.3793693601958,2331,TRANSMIT,47,28
756.3793693601958,2331,ARRIVAL,,
756.6271364957864,929,TRANSMIT,18,48
756.6271364957864,929,ARRIVAL,,
756.6271364957864,2370,TRANSMIT,48,18
756.6271364957864,2370,ARRIVAL,,
763.6770662591572,536,TRANSMIT,10,47
763.6770662591572,536,ARRIVAL,,
763.6770662591572,2313,TRANSMIT,47,10
763.6770662591572,2313,ARRIVAL,,
771.2513265374249,81,TRANSMIT,1,33
771.2513265374249,81,ARRIVAL,,
771.2513265374249,1618,TRANSMIT,33,1
771.2513265374249,1618,ARRIVAL,,
778.214906406267,1558,TRANSMIT,31,40
778.214906406267,1558,ARRIVAL,,
778.214906406267,1991,TRANSMIT,40,31
778.214906406267,1991,ARRIVAL,,
781.7022434719645,400,TRANSMIT,8,9
781.7022434719645,400,ARRIVAL,,
781.7022434719645,449,TRANSMIT,9,8
781.7022434719645,449,ARRIVAL,,
782.0175537577303,1104,TRANSMIT,22,27
782.0175537577303,1104,ARRIVAL,,
782.0175537577303,1345,TRANSMIT,27,22
782.0175537577303,1345,ARRIVAL,,
803.5469298227911,1453,TRANSMIT,29,33
803.5469298227911,1646,TRANSMIT,33,29
811.4146468869244,610,TRANSMIT,12,23
811.4146468869244,610,ARRIVAL,,
811.4146468869244,1139,TRANSMIT,23,12
811.4146468869244,1139,ARRIVAL,,
819.334184127751,561,TRANSMIT,11,23
819.334184127751,561,ARRIVAL,,
819.334184127751,1138,TRANSMIT,23,11
819.334184127751,1138,ARRIVAL,,
824.4973109968485,626,TRANSMIT,12,39
824.4973109968485,626,ARRIVAL,,
824.4973109968485,1923,TRANSMIT,39,12
824.4973109968485,1923,ARRIVAL,,
832.8087562180821,279,TRANSMIT,5,35
832.8087562180821,279,ARRIVAL,,
832.8087562180821,1720,TRANSMIT,35,5
832.8087562180821,1720,ARRIVAL,,
834.1674268528881,466,TRANSMIT,9,26
834.1674268528881,466,ARRIVAL,,
834.1674268528881,1283,TRANSMIT,26,9
834.1674268528881,1283,ARRIVAL,,
847.8396138223604,65,TRANSMIT,1,17
847.8396138223604,65,ARRIVAL,,
847.8396138223604,834,TRANSMIT,17,1
847.8396138223604,834,ARRIVAL,,
859.6779141848104,12,TRANSMIT,0,13
859.6779141848104,12,ARRIVAL,,
859.6779141848104,637,TRANSMIT,13,0
859.6779141848104,637,ARRIVAL,,
867.6830745963076,613,TRANSMIT,12,26
867.6830745963076,613,ARRIVAL,,
867.6830745963076,1286,TRANSMIT,26,12
867.6830745963076,1286,ARRIVAL,,
881.6869932746172,1020,TRANSMIT,20,41
881.6869932746172,1020,ARRIVAL,,
881.6869932746172,2029,TRANSMIT,41,20
881.6869932746172,2029,ARRIVAL,,
886.269252965617,317,TRANSMIT,6,24
886.269252965617,317,ARRIVAL,,
886.269252965617,1182,TRANSMIT,24,6
886.269252965617,1182,ARRIVAL,,
899.3533442304017,674,TRANSMIT,13,38
899.3533442304017,674,ARRIVAL,,
899.3533442304017,1875,TRANSMIT,38,13
899.3533442304017,1875,ARRIVAL,,
899.8357101805209,1802,TRANSMIT,36,39
899.8357101805209,1802,ARRIVAL,,
899.8357101805209,1947,TRANSMIT,39,36
899.8357101805209,1947,ARRIVAL,,
916.050182006646,374,TRANSMIT,7,32
916.050182006646,374,ARRIVAL,,
916.050182006646,1575,TRANSMIT,32,7
916.050182006646,1575,ARRIVAL,,
917.7766523449359,1258,TRANSMIT,25,34
917.7766523449359,1258,ARRIVAL,,
917.7766523449359,1691,TRANSMIT,34,25
917.7766523449359,1691,ARRIVAL,,
948.2264455946307,1358,TRANSMIT,27,36
948.2264455946307,1358,ARRIVAL,,
948.2264455946307,1791,TRANSMIT,36,27
948.2264455946307,1791,ARRIVAL,,
953.1369300562818,900,TRANSMIT,18,19
953.1369300562818,949,TRANSMIT,19,18
958.2809202395927,626,TRANSMIT,12,39
958.2809202395927,1923,TRANSMIT,39,12
959.7474020124897,1350,TRANSMIT,27,28
959.7474020124897,1350,ARRIVAL,,
959.7474020124897,1399,TRANSMIT,28,27
959.7474020124897,1399,ARRIVAL,,
967.1090446218503,124,TRANSMIT,2,27
967.1090446218503,124,ARRIVAL,,
967.1090446218503,1325,TRANSMIT,27,2
967.1090446218503,1325,ARRIVAL,,
968.4397697901492,979,TRANSMIT,19,49
968.4397697901492,979,ARRIVAL,,
968.4397697901492,2420,TRANSMIT,49,19
968.4397697901492,2420,ARRIVAL,,
972.0761225219484,1803,TRANSMIT,36,40
972.0761225219484,1803,ARRIVAL,,
972.0761225219484,1996,TRANSMIT,40,36
972.0761225219484,1996,ARRIVAL,,
976.6215551015841,118,TRANSMIT,2,21
976.6215551015841,118,ARRIVAL,,
976.6215551015841,1031,TRANSMIT,21,2
976.6215551015841,1031,ARRIVAL,,
985.872237147505,1010,TRANSMIT,20,31
985.872237147505,1010,ARRIVAL,,
985.872237147505,1539,TRANSMIT,31,20
985.872237147505,1539,ARRIVAL,,
988.7983055061333,1300,TRANSMIT,26,27
988.7983055061333,1300,ARRIVAL,,
988.7983055061333,1349,TRANSMIT,27,26
988.7983055061333,1349,ARRIVAL,,
993.261232892769,47,TRANSMIT,0,48
993.261232892769,47,ARRIVAL,,
993.261232892769,2352,TRANSMIT,48,0
993.261232892769,2352,ARRIVAL,,
994.6671007054485,306,TRANSMIT,6,13
994.6671007054485,306,ARRIVAL,,
994.6671007054485,643,TRANSMIT,13,6
994.6671007054485,643,ARRIVAL,,
998.1430832223062,666,TRANSMIT,13,30
998.1430832223062,666,ARRIVAL,,
998.1430832223062,1483,TRANSMIT,30,13
998.1430832223062,1483,ARRIVAL,,
1012.8676018026604,1353,TRANSMIT,27,31
1012.8676018026604,1353,ARRIVAL,,
1012.8676018026604,1546,TRANSMIT,31,27
1012.8676018026604,1546,ARRIVAL,,
1022.2575258872771,756,TRANSMIT,15,22
1022.2575258872771,756,ARRIVAL,,
1022.2575258872771,1093,TRANSMIT,22,15
1022.2575258872771,1093,ARRIVAL,,
1040.0145634959983,569,TRANSMIT,11,31
1040.0145634959983,569,ARRIVAL,,
1040.0145634959983,1530,TRANSMIT,31,11
1040.0145634959983,1530,ARRIVAL,,
1053.8633787653318,177,TRANSMIT,3,31
1053.8633787653318,1522,TRANSMIT,31,3
1072.5042169237781,2006,TRANSMIT,40,47
1072.5042169237781,2006,ARRIVAL,,
1072.5042169237781,2343,TRANSMIT,47,40
1072.5042169237781,2343,ARRIVAL,,
1093.3220574833488,550,TRANSMIT,11,12
1093.3220574833488,550,ARRIVAL,,
1093.3220574833488,599,TRANSMIT,12,11
1093.3220574833488,599,ARRIVAL,,
1100.0658467623575,473,TRANSMIT,9,33
1100.0658467623575,473,ARRIVAL,,
1100.0658467623575,1626,TRANSMIT,33,9
1100.0658467623575,1626,ARRIVAL,,
1126.0438474688326,1012,TRANSMIT,20,33
1126.0438474688326,1012,ARRIVAL,,
1126.0438474688326,1637,TRANSMIT,33,20
1126.0438474688326,1637,ARRIVAL,,
1134.5763383370768,1561,TRANSMIT,31,43
1134.5763383370768,1561,ARRIVAL,,
1134.5763383370768,2138,TRANSMIT,43,31
1134.5763383370768,2138,ARRIVAL,,
1141.8210062092448,602,TRANSMIT,12,15
1141.8210062092448,602,ARRIVAL,,
1141.8210062092448,747,TRANSMIT,15,12
1141.8210062092448,747,ARRIVAL,,
1145.7963183577704,1552,TRANSMIT,31,34
1145.7963183577704,1552,ARRIVAL,,
1145.7963183577704,1697,TRANSMIT,34,31
1145.7963183577704,1697,ARRIVAL,,
1148.5901858167792,101,TRANSMIT,2,4
1148.5901858167792,101,ARRIVAL,,
1148.5901858167792,198,TRANSMIT,4,2
1148.5901858167792,198,ARRIVAL,,
1153.6343131385488,522,TRANSMIT,10,33
1153.6343131385488,522,ARRIVAL,,
1153.6343131385488,1627,TRANSMIT,33,10
1153.6343131385488,1627,ARRIVAL,,
1159.1538500700265,1013,TRANSMIT,20,34
1159.1538500700265,1013,ARRIVAL,,
1159.1538500700265,1686,TRANSMIT,34,20
1159.1538500700265,1686,ARRIVAL,,
1165.0912918675306,466,TRANSMIT,9,26
1165.0912918675306,1283,TRANSMIT,26,9
1180.1318395277174,1415,TRANSMIT,28,44
1180.1318395277174,1415,ARRIVAL,,
1180.1318395277174,2184,TRANSMIT,44,28
1180.1318395277174,2184,ARRIVAL,,
1196.7583692145495,1050,TRANSMIT,21,22
1196.7583692145495,1050,ARRIVAL,,
1196.7583692145495,1099,TRANSMIT,22,21
1196.7583692145495,1099,ARRIVAL,,
1211.8155370871702,679,TRANSMIT,13,43
1211.8155370871702,679,ARRIVAL,,
1211.8155370871702,2120,TRANSMIT,43,13
1211.8155370871702,2120,ARRIVAL,,
1223.782755905677,716,TRANSMIT,14,31
1223.782755905677,716,ARRIVAL,,
1223.782755905677,1533,TRANSMIT,31,14
1223.782755905677,1533,ARRIVAL,,
1247.2400873242088,1358,TRANSMIT,27,36
1247.2400873242088,1791,TRANSMIT,36,27
1257.6951742114659,601,TRANSMIT,12,14
1257.6951742114659,601,ARRIVAL,,
1257.6951742114659,698,TRANSMIT,14,12
1257.6951742114659,698,ARRIVAL,,
1259.9516895101929,488,TRANSMIT,9,48
1259.9516895101929,488,ARRIVAL,,
1259.9516895101929,2361,TRANSMIT,48,9
1259.9516895101929,2361,ARRIVAL,,
1288.2794982150824,364,TRANSMIT,7,22
1288.2794982150824,364,ARRIVAL,,
1288.2794982150824,1085,TRANSMIT,22,7
1288.2794982150824,1085,ARRIVAL,,
1292.1326319100758,1356,TRANSMIT,27,34
1292.1326319100758,1356,ARRIVAL,,
1292.1326319100758,1693,TRANSMIT,34,27
1292.1326319100758,1693,ARRIVAL,,
1302.7808793812405,766,TRANSMIT,15,32
1302.7808793812405,766,ARRIVAL,,
1302.7808793812405,1583,TRANSMIT,32,15
1302.7808793812405,1583,ARRIVAL,,
1327.8375885205473,74,TRANSMIT,1,26
1327.8375885205473,74,ARRIVAL,,
1327.8375885205473,1275,TRANSMIT,26,1
1327.8375885205473,1275,ARRIVAL,,
1330.7394235499596,2200,TRANSMIT,44,45
1330.7394235499596,2200,ARRIVAL,,
1330.7394235499596,2249,TRANSMIT,45,44
1330.7394235499596,2249,ARRIVAL,,
1335.2424133743436,1256,TRANSMIT,25,32
1335.2424133743436,1256,ARRIVAL,,
1335.2424133743436,1593,TRANSMIT,32,25
1335.2424133743436,1593,ARRIVAL,,
1362.3977289227855,671,TRANSMIT,13,35
1362.3977289227855,671,ARRIVAL,,
1362.3977289227855,1728,TRANSMIT,35,13
1362.3977289227855,1728,ARRIVAL,,
1394.7906969071382,628,TRANSMIT,12,41
1394.7906969071382,628,ARRIVAL,,
1394.7906969071382,2021,TRANSMIT,41,12
1394.7906969071382,2021,ARRIVAL,,
1395.9161410867875,170,TRANSMIT,3,24
1395.9161410867875,170,ARRIVAL,,
1395.9161410867875,1179,TRANSMIT,24,3
1395.9161410867875,1179,ARRIVAL,,
1430.2839519730219,81,TRANSMIT,1,33
1430.2839519730219,1618,TRANSMIT,33,1
1450.467983755908,324,TRANSMIT,6,31
1450.467983755908,324,ARRIVAL,,
1450.467983755908,1525,TRANSMIT,31,6
1450.467983755908,1525,ARRIVAL,,
1456.0921642535848,59,TRANSMIT,1,11
1456.0921642535848,59,ARRIVAL,,
1456.0921642535848,540,TRANSMIT,11,1
1456.0921642535848,540,ARRIVAL,,
1465.7769639078783,487,TRANSMIT,9,47
1465.7769639078783,487,ARRIVAL,,
1465.7769639078783,2312,TRANSMIT,47,9
1465.7769639078783,2312,ARRIVAL,,
1465.8212196322618,1652,TRANSMIT,33,36
1465.8212196322618,1652,ARRIVAL,,
1465.8212196322618,1797,TRANSMIT,36,33
1465.8212196322618,1797,ARRIVAL,,
1474.7342725971023,605,TRANSMIT,12,18
1474.7342725971023,605,ARRIVAL,,
1474.7342725971023,894,TRANSMIT,18,12
1474.7342725971023,894,ARRIVAL,,
1481.1676666303224,1271,TRANSMIT,25,47
1481.1676666303224,1271,ARRIVAL,,
1481.1676666303224,2328,TRANSMIT,47,25
1481.1676666303224,2328,ARRIVAL,,
1485.9665159799576,431,TRANSMIT,8,40
1485.9665159799576,431,ARRIVAL,,
1485.9665159799576,1968,TRANSMIT,40,8
1485.9665159799576,1968,ARRIVAL,,
1489.9875772966698,714,TRANSMIT,14,29
1489.9875772966698,714,ARRIVAL,,
1489.9875772966698,1435,TRANSMIT,29,14
1489.9875772966698,1435,ARRIVAL,,
1491.038117313144,1403,TRANSMIT,28,32
1491.038117313144,1403,ARRIVAL,,
1491.038117313144,1596,TRANSMIT,32,28
1491.038117313144,1596,ARRIVAL,,
1496.3686685896776,1175,TRANSMIT,23,49
1496.3686685896776,1175,ARRIVAL,,
1496.3686685896776,2424,TRANSMIT,49,23
1496.3686685896776,2424,ARRIVAL,,
1506.6356236041647,1308,TRANSMIT,26,35
1506.6356236041647,1308,ARRIVAL,,
1506.6356236041647,1741,TRANSMIT,35,26
1506.6356236041647,1741,ARRIVAL,,
1527.2261931437401,287,TRANSMIT,5,43
1527.2261931437401,287,ARRIVAL,,
1527.2261931437401,2112,TRANSMIT,43,5
1527.2261931437401,2112,ARRIVAL,,
1529.7047035125681,355,TRANSMIT,7,13
1529.7047035125681,355,ARRIVAL,,
1529.7047035125681,644,TRANSMIT,13,7
1529.7047035125681,644,ARRIVAL,,
1545.740326242619,720,TRANSMIT,14,35
1545.740326242619,720,ARRIVAL,,
1545.740326242619,1729,TRANSMIT,35,14
1545.740326242619,1729,ARRIVAL,,
1546.6045189437814,662,TRANSMIT,13,26
1546.6045189437814,662,ARRIVAL,,
1546.6045189437814,1287,TRANSMIT,26,13
1546.6045189437814,1287,ARRIVAL,,
1554.5151930429624,1027,TRANSMIT,20,48
1554.5151930429624,1027,ARRIVAL,,
1554.5151930429624,2372,TRANSMIT,48,20
1554.5151930429624,2372,ARRIVAL,,
1554.8334329402715,1358,TRANSMIT,27,36
1554.8334329402715,1791,TRANSMIT,36,27
1572.3896906235107,355,TRANSMIT,7,13
1572.3896906235107,644,TRANSMIT,13,7
1576.335554385729,1852,TRANSMIT,37,40
1576.335554385729,1852,ARRIVAL,,
1576.335554385729,1997,TRANSMIT,40,37
1576.335554385729,1997,ARRIVAL,,
1587.7977005036278,620,TRANSMIT,12,33
1587.7977005036278,620,ARRIVAL,,
1587.7977005036278,1629,TRANSMIT,33,12
1587.7977005036278,1629,ARRIVAL,,
1589.3861624757876,582,TRANSMIT,11,44
1589.3861624757876,582,ARRIVAL,,
1589.3861624757876,2167,TRANSMIT,44,11
1589.3861624757876,2167,ARRIVAL,,
1594.3968917865373,233,TRANSMIT,4,38
1594.3968917865373,233,ARRIVAL,,
1594.3968917865373,1866,TRANSMIT,38,4
1594.3968917865373,1866,ARRIVAL,,
1595.9624263976436,861,TRANSMIT,17,29
1595.9624263976436,861,ARRIVAL,,
1595.9624263976436,1438,TRANSMIT,29,17
1595.9624263976436,1438,ARRIVAL,,
1605.4806021528066,765,TRANSMIT,15,31
1605.4806021528066,765,ARRIVAL,,
1605.4806021528066,1534,TRANSMIT,31,15
1605.4806021528066,1534,ARRIVAL,,
1621.332531908338,918,TRANSMIT,18,37
1621.332531908338,918,ARRIVAL,,
1621.332531908338,1831,TRANSMIT,37,18
1621.332531908338,1831,ARRIVAL,,
1635.3003503204263,1357,TRANSMIT,27,35
1635.3003503204263,1357,ARRIVAL,,
1635.3003503204263,1742,TRANSMIT,35,27
1635.3003503204263,1742,ARRIVAL,,
1642.199634956494,1321,TRANSMIT,26,48
1642.199634956494,1321,ARRIVAL,,
1642.199634956494,2378,TRANSMIT,48,26
1642.199634956494,2378,ARRIVAL,,
1665.8847963138026,115,TRANSMIT,2,18
1665.8847963138026,115,ARRIVAL,,
1665.8847963138026,884,TRANSMIT,18,2
1665.8847963138026,884,ARRIVAL,,
1670.0989036439894,227,TRANSMIT,4,32
1670.0989036439894,227,ARRIVAL,,
1670.0989036439894,1572,TRANSMIT,32,4
1670.0989036439894,1572,ARRIVAL,,
1672.6683497068334,1255,TRANSMIT,25,31
1672.6683497068334,1255,ARRIVAL,,
1672.6683497068334,1544,TRANSMIT,31,25
1672.6683497068334,1544,ARRIVAL,,
1675.5601354055805,704,TRANSMIT,14,19
1675.5601354055805,704,ARRIVAL,,
1675.5601354055805,945,TRANSMIT,19,14
1675.5601354055805,945,ARRIVAL,,
1677.6479772593411,1073,TRANSMIT,21,45
1677.6479772593411,1073,ARRIVAL,,
1677.6479772593411,2226,TRANSMIT,45,21
1677.6479772593411,2226,ARRIVAL,,
1678.784911043796,454,TRANSMIT,9,14
1678.784911043796,454,ARRIVAL,,
1678.784911043796,695,TRANSMIT,14,9
1678.784911043796,695,ARRIVAL,,
1696.0193998479624,221,TRANSMIT,4,26
1696.0193998479624,221,ARRIVAL,,
1696.0193998479624,1278,TRANSMIT,26,4
1696.0193998479624,1278,ARRIVAL,,
1701.591236617275,330,TRANSMIT,6,37
1701.591236617275,330,ARRIVAL,,
1701.591236617275,1819,TRANSMIT,37,6
1701.591236617275,1819,ARRIVAL,,
1712.161725383916,2054,TRANSMIT,41,46
1712.161725383916,2054,ARRIVAL,,
1712.161725383916,2295,TRANSMIT,46,41
1712.161725383916,2295,ARRIVAL,,
1718.6416479948011,679,TRANSMIT,13,43
1718.6416479948011,2120,TRANSMIT,43,13
1719.8934086352606,268,TRANSMIT,5,24
1719.8934086352606,1181,TRANSMIT,24,5
1724.6022097162195,101,TRANSMIT,2,4
1724.6022097162195,198,TRANSMIT,4,2
1729.9590515557543,91,TRANSMIT,1,43
1729.9590515557543,91,ARRIVAL,,
1729.9590515557543,2108,TRANSMIT,43,1
1729.9590515557543,2108,ARRIVAL,,
1738.5480228357433,201,TRANSMIT,4,6
1738.5480228357433,201,ARRIVAL,,
1738.5480228357433,298,TRANSMIT,6,4
1738.5480228357433,298,ARRIVAL,,
1747.4601265176213,826,TRANSMIT,16,43
1747.4601265176213,826,ARRIVAL,,
1747.4601265176213,2123,TRANSMIT,43,16
1747.4601265176213,2123,ARRIVAL,,
1747.831628733155,383,TRANSMIT,7,41
1747.831628733155,2016,TRANSMIT,41,7
1748.8423533046525,1017,TRANSMIT,20,38
1748.8423533046525,1017,ARRIVAL,,
1748.8423533046525,1882,TRANSMIT,38,20
1748.8423533046525,1882,ARRIVAL,,
1763.2566254335138,483,TRANSMIT,9,43
1763.2566254335138,483,ARRIVAL,,
1763.2566254335138,2116,TRANSMIT,43,9
1763.2566254335138,2116,ARRIVAL,,
1767.679119320064,1304,TRANSMIT,26,31
1767.679119320064,1304,ARRIVAL,,
1767.679119320064,1545,TRANSMIT,31,26
1767.679119320064,1545,ARRIVAL,,
1772.9157830447948,1205,TRANSMIT,24,30
1772.9157830447948,1205,ARRIVAL,,
1772.9157830447948,1494,TRANSMIT,30,24
1772.9157830447948,1494,ARRIVAL,,
1783.1622321765894,758,TRANSMIT,15,24
1783.1622321765894,758,ARRIVAL,,
1783.1622321765894,1191,TRANSMIT,24,15
1783.1622321765894,1191,ARRIVAL,,
1790.942750533704,1759,TRANSMIT,35,45
1790.942750533704,1759,ARRIVAL,,
1790.942750533704,2240,TRANSMIT,45,35
1790.942750533704,2240,ARRIVAL,,
